#
# There is insufficient memory for the Java Runtime Environment to continue.
# Native memory allocation (malloc) failed to allocate 1109856 bytes for Chunk::new
# Possible reasons:
#   The system is out of physical RAM or swap space
#   The process is running with CompressedOops enabled, and the Java Heap may be blocking the growth of the native heap
# Possible solutions:
#   Reduce memory load on the system
#   Increase physical memory or swap space
#   Check if swap backing store is full
#   Decrease Java heap size (-Xmx/-Xms)
#   Decrease number of Java threads
#   Decrease Java thread stack sizes (-Xss)
#   Set larger code cache with -XX:ReservedCodeCacheSize=
#   JVM is running with Unscaled Compressed Oops mode in which the Java heap is
#     placed in the first 4GB address space. The Java Heap base address is the
#     maximum limit for the native heap growth. Please use -XX:HeapBaseMinAddress
#     to set the Java Heap base and to place the Java Heap above 4GB virtual address.
# This output file may be truncated or incomplete.
#
#  Out of Memory Error (arena.cpp:189), pid=7572, tid=4784
#
# JRE version: OpenJDK Runtime Environment (17.0.6) (build 17.0.6+0-b2043.56-10027231)
# Java VM: OpenJDK 64-Bit Server VM (17.0.6+0-b2043.56-10027231, mixed mode, tiered, compressed oops, compressed class ptrs, g1 gc, windows-amd64)
# No core dump will be written. Minidumps are not enabled by default on client versions of Windows
#

---------------  S U M M A R Y ------------

Command Line: --add-opens=java.base/java.util=ALL-UNNAMED --add-opens=java.base/java.lang=ALL-UNNAMED --add-opens=java.base/java.lang.invoke=ALL-UNNAMED --add-opens=java.prefs/java.util.prefs=ALL-UNNAMED --add-opens=java.base/java.nio.charset=ALL-UNNAMED --add-opens=java.base/java.net=ALL-UNNAMED --add-opens=java.base/java.util.concurrent.atomic=ALL-UNNAMED -Xmx2048m -Dfile.encoding=UTF-8 -Duser.country=US -Duser.language=en -Duser.variant -javaagent:C:\Users\dfabijanic\.gradle\wrapper\dists\gradle-8.2-bin\bbg7u40eoinfdyxsxr3z4i7ta\gradle-8.2\lib\agents\gradle-instrumentation-agent-8.2.jar org.gradle.launcher.daemon.bootstrap.GradleDaemon 8.2

Host: 11th Gen Intel(R) Core(TM) i5-1135G7 @ 2.40GHz, 8 cores, 15G,  Windows 10 , 64 bit Build 19041 (10.0.19041.3636)
Time: Thu Jan 29 10:23:46 2026 Central European Standard Time elapsed time: 191.970864 seconds (0d 0h 3m 11s)

---------------  T H R E A D  ---------------

Current thread (0x00000223aac46f70):  JavaThread "C2 CompilerThread1" daemon [_thread_in_native, id=4784, stack(0x000000f0b4100000,0x000000f0b4200000)]


Current CompileTask:
C2: 191970 20636       4       org.gradle.api.internal.artifacts.transform.AbstractTransformedArtifactSet::visit (104 bytes)

Stack: [0x000000f0b4100000,0x000000f0b4200000]
Native frames: (J=compiled Java code, j=interpreted, Vv=VM code, C=native code)
V  [jvm.dll+0x683c9a]
V  [jvm.dll+0x8427a4]
V  [jvm.dll+0x843f9e]
V  [jvm.dll+0x844603]
V  [jvm.dll+0x249b75]
V  [jvm.dll+0xabcac]
V  [jvm.dll+0xac27c]
V  [jvm.dll+0x2b0eef]
V  [jvm.dll+0x58a267]
V  [jvm.dll+0x2243b2]
V  [jvm.dll+0x21dbe9]
V  [jvm.dll+0x21b51b]
V  [jvm.dll+0x1a4fdd]
V  [jvm.dll+0x22b098]
V  [jvm.dll+0x229159]
V  [jvm.dll+0x7f81ec]
V  [jvm.dll+0x7f274a]
V  [jvm.dll+0x682ad5]
C  [ucrtbase.dll+0x21bb2]
C  [KERNEL32.DLL+0x17344]
C  [ntdll.dll+0x526b1]


---------------  P R O C E S S  ---------------

Threads class SMR info:
_java_thread_list=0x00000223b0d54800, length=149, elements={
0x0000022387c48b40, 0x00000223a1b50750, 0x00000223a1b51690, 0x00000223a1bb2730,
0x00000223a1bb30f0, 0x00000223a1bb3ab0, 0x00000223a1bac280, 0x00000223a1bad090,
0x00000223a1badd60, 0x00000223a1bc4cc0, 0x00000223a1c973e0, 0x00000223a1e4a440,
0x00000223a34707a0, 0x00000223a5d357e0, 0x00000223a3c37510, 0x00000223a50711e0,
0x00000223a50746d0, 0x00000223a5073d30, 0x00000223a5072ec0, 0x00000223a50716b0,
0x00000223a5074200, 0x00000223a572ed80, 0x00000223a572e3e0, 0x00000223a57330e0,
0x00000223a572da40, 0x00000223a5732270, 0x00000223a57335b0, 0x00000223a572fbf0,
0x00000223a5731da0, 0x00000223a572c230, 0x00000223a5730590, 0x00000223a572cbd0,
0x00000223ad959f90, 0x00000223ad95a460, 0x00000223ad95b7a0, 0x00000223ab3dfe00,
0x00000223a650a1b0, 0x00000223a65089a0, 0x00000223a6509340, 0x00000223a6508e70,
0x00000223a6509ce0, 0x00000223a650a680, 0x00000223a650ab50, 0x00000223adc69c20,
0x00000223a650b020, 0x00000223a650b4f0, 0x00000223a6509810, 0x00000223a6508000,
0x00000223a65084d0, 0x00000223aa9ba150, 0x00000223aa9b7600, 0x00000223aa9b92e0,
0x00000223ad95a930, 0x00000223ad95ae00, 0x00000223aa9b97b0, 0x00000223af1b4fd0,
0x00000223af1b7180, 0x00000223af1b67e0, 0x00000223af1bb4e0, 0x00000223af1b7ff0,
0x00000223af1b5970, 0x00000223af1b4160, 0x00000223ae7866d0, 0x00000223ad95b2d0,
0x00000223ae6ff200, 0x00000223ae6fe860, 0x00000223ae6fdec0, 0x00000223ae6fe390,
0x00000223ae6ff6d0, 0x00000223ae6fed30, 0x00000223ae596ac0, 0x00000223ae787070,
0x00000223ae785860, 0x00000223ae786200, 0x00000223a3f8ccc0, 0x00000223a3f8be50,
0x00000223a3f8c320, 0x00000223a3f8c7f0, 0x00000223af1b9800, 0x00000223af1b6cb0,
0x00000223af1b9cd0, 0x00000223af1b6310, 0x00000223af1ba1a0, 0x00000223af1b84c0,
0x00000223af1ba670, 0x00000223adc67a70, 0x00000223adc69750, 0x00000223adc6a0f0,
0x00000223aa9baaf0, 0x00000223aa9b7ad0, 0x00000223aa9ba620, 0x00000223aa9b9c80,
0x00000223aa9b7130, 0x00000223aa9b7fa0, 0x00000223af1bab40, 0x00000223af1b5e40,
0x00000223adc67f40, 0x00000223adc688e0, 0x00000223aa9b8470, 0x00000223aa9b8940,
0x00000223aa9b8e10, 0x00000223aa223a10, 0x00000223aa223070, 0x00000223aa224880,
0x00000223aa223ee0, 0x00000223aa2243b0, 0x00000223af1b8990, 0x00000223ab3e1fb0,
0x00000223ae595c50, 0x00000223a3f8d190, 0x00000223af1b54a0, 0x00000223af1b8e60,
0x00000223af1bb010, 0x00000223af1b3c90, 0x00000223af1b7b20, 0x00000223af1b4630,
0x00000223a66fda20, 0x00000223a6700570, 0x00000223a66fd080, 0x00000223a66faed0,
0x00000223a66fb3a0, 0x00000223a66fb870, 0x00000223ab3deac0, 0x00000223add41380,
0x00000223ae596120, 0x00000223ae5965f0, 0x00000223a66fbd40, 0x00000223a66fc210,
0x00000223a66fa060, 0x00000223a66fd550, 0x00000223a66fdef0, 0x00000223adc66c00,
0x00000223ab3e1140, 0x00000223ab3e02d0, 0x00000223af109800, 0x00000223af107180,
0x00000223af107ff0, 0x00000223af109cd0, 0x00000223ae580240, 0x00000223a3f8b980,
0x00000223aafcc610, 0x00000223aafcd950, 0x00000223aafcb2d0, 0x00000223aafcde20,
0x00000223aafcbc70, 0x00000223aafccfb0, 0x00000223aac46f70, 0x00000223aac40f40,
0x00000223aafcc140
}

Java Threads: ( => current thread )
  0x0000022387c48b40 JavaThread "main" [_thread_blocked, id=23100, stack(0x000000f0aa000000,0x000000f0aa100000)]
  0x00000223a1b50750 JavaThread "Reference Handler" daemon [_thread_blocked, id=24920, stack(0x000000f0aa700000,0x000000f0aa800000)]
  0x00000223a1b51690 JavaThread "Finalizer" daemon [_thread_blocked, id=17416, stack(0x000000f0aa800000,0x000000f0aa900000)]
  0x00000223a1bb2730 JavaThread "Signal Dispatcher" daemon [_thread_blocked, id=24368, stack(0x000000f0aa900000,0x000000f0aaa00000)]
  0x00000223a1bb30f0 JavaThread "Attach Listener" daemon [_thread_blocked, id=6836, stack(0x000000f0aaa00000,0x000000f0aab00000)]
  0x00000223a1bb3ab0 JavaThread "Service Thread" daemon [_thread_blocked, id=5188, stack(0x000000f0aab00000,0x000000f0aac00000)]
  0x00000223a1bac280 JavaThread "Monitor Deflation Thread" daemon [_thread_blocked, id=17336, stack(0x000000f0aac00000,0x000000f0aad00000)]
  0x00000223a1bad090 JavaThread "C2 CompilerThread0" daemon [_thread_in_native, id=25612, stack(0x000000f0aad00000,0x000000f0aae00000)]
  0x00000223a1badd60 JavaThread "C1 CompilerThread0" daemon [_thread_blocked, id=14572, stack(0x000000f0aae00000,0x000000f0aaf00000)]
  0x00000223a1bc4cc0 JavaThread "Sweeper thread" daemon [_thread_blocked, id=12560, stack(0x000000f0aaf00000,0x000000f0ab000000)]
  0x00000223a1c973e0 JavaThread "Common-Cleaner" daemon [_thread_blocked, id=21788, stack(0x000000f0ab000000,0x000000f0ab100000)]
  0x00000223a1e4a440 JavaThread "Notification Thread" daemon [_thread_blocked, id=26144, stack(0x000000f0ab100000,0x000000f0ab200000)]
  0x00000223a34707a0 JavaThread "Daemon health stats" [_thread_blocked, id=25816, stack(0x000000f0aba00000,0x000000f0abb00000)]
  0x00000223a5d357e0 JavaThread "Incoming local TCP Connector on port 54965" [_thread_in_native, id=8936, stack(0x000000f0ab900000,0x000000f0aba00000)]
  0x00000223a3c37510 JavaThread "Daemon periodic checks" [_thread_blocked, id=11188, stack(0x000000f0ab300000,0x000000f0ab400000)]
  0x00000223a50711e0 JavaThread "Cache worker for journal cache (C:\Users\dfabijanic\.gradle\caches\journal-1)" [_thread_blocked, id=24836, stack(0x000000f0ac600000,0x000000f0ac700000)]
  0x00000223a50746d0 JavaThread "File lock request listener" [_thread_in_native, id=25744, stack(0x000000f0ac700000,0x000000f0ac800000)]
  0x00000223a5073d30 JavaThread "Cache worker for file hash cache (C:\Users\dfabijanic\.gradle\caches\8.2\fileHashes)" [_thread_blocked, id=23048, stack(0x000000f0ac900000,0x000000f0aca00000)]
  0x00000223a5072ec0 JavaThread "File watcher server" daemon [_thread_in_native, id=8344, stack(0x000000f0ac800000,0x000000f0ac900000)]
  0x00000223a50716b0 JavaThread "File watcher consumer" daemon [_thread_blocked, id=21884, stack(0x000000f0aca00000,0x000000f0acb00000)]
  0x00000223a5074200 JavaThread "Cache worker for file content cache (C:\Users\dfabijanic\.gradle\caches\8.2\fileContent)" [_thread_blocked, id=26296, stack(0x000000f0acd00000,0x000000f0ace00000)]
  0x00000223a572ed80 JavaThread "Cache worker for execution history cache (C:\Users\dfabijanic\.gradle\caches\8.2\executionHistory)" [_thread_blocked, id=18036, stack(0x000000f0ad000000,0x000000f0ad100000)]
  0x00000223a572e3e0 JavaThread "jar transforms" [_thread_blocked, id=17740, stack(0x000000f0ad200000,0x000000f0ad300000)]
  0x00000223a57330e0 JavaThread "jar transforms Thread 2" [_thread_blocked, id=23344, stack(0x000000f0ad300000,0x000000f0ad400000)]
  0x00000223a572da40 JavaThread "Cache worker for kotlin-dsl (C:\Users\dfabijanic\.gradle\caches\8.2\kotlin-dsl)" [_thread_blocked, id=11504, stack(0x000000f0ad400000,0x000000f0ad500000)]
  0x00000223a5732270 JavaThread "jar transforms Thread 3" [_thread_blocked, id=25292, stack(0x000000f0ad500000,0x000000f0ad600000)]
  0x00000223a57335b0 JavaThread "jar transforms Thread 4" [_thread_blocked, id=19268, stack(0x000000f0ad600000,0x000000f0ad700000)]
  0x00000223a572fbf0 JavaThread "jar transforms Thread 5" [_thread_blocked, id=22496, stack(0x000000f0ad700000,0x000000f0ad800000)]
  0x00000223a5731da0 JavaThread "jar transforms Thread 6" [_thread_blocked, id=4048, stack(0x000000f0ad800000,0x000000f0ad900000)]
  0x00000223a572c230 JavaThread "jar transforms Thread 7" [_thread_blocked, id=912, stack(0x000000f0adb00000,0x000000f0adc00000)]
  0x00000223a5730590 JavaThread "jar transforms Thread 8" [_thread_blocked, id=25524, stack(0x000000f0adc00000,0x000000f0add00000)]
  0x00000223a572cbd0 JavaThread "Memory manager" [_thread_blocked, id=21496, stack(0x000000f0ae500000,0x000000f0ae600000)]
  0x00000223ad959f90 JavaThread "Daemon Thread 2" [_thread_blocked, id=3432, stack(0x000000f0a9c00000,0x000000f0a9d00000)]
  0x00000223ad95a460 JavaThread "Handler for socket connection from /127.0.0.1:54965 to /127.0.0.1:55147" [_thread_in_native, id=25008, stack(0x000000f0a9d00000,0x000000f0a9e00000)]
  0x00000223ad95b7a0 JavaThread "Cancel handler" [_thread_blocked, id=13696, stack(0x000000f0a9e00000,0x000000f0a9f00000)]
  0x00000223ab3dfe00 JavaThread "Daemon worker Thread 2" [_thread_blocked, id=19616, stack(0x000000f0abc00000,0x000000f0abd00000)]
  0x00000223a650a1b0 JavaThread "Asynchronous log dispatcher for DefaultDaemonConnection: socket connection from /127.0.0.1:54965 to /127.0.0.1:55147" [_thread_blocked, id=10112, stack(0x000000f0abd00000,0x000000f0abe00000)]
  0x00000223a65089a0 JavaThread "Stdin handler" [_thread_blocked, id=26312, stack(0x000000f0abe00000,0x000000f0abf00000)]
  0x00000223a6509340 JavaThread "Daemon client event forwarder" [_thread_blocked, id=10636, stack(0x000000f0abf00000,0x000000f0ac000000)]
  0x00000223a6508e70 JavaThread "Cache worker for checksums cache (D:\dfabijanic\FOI\AIR\HomeBudgetApp\.gradle\8.2\checksums)" [_thread_blocked, id=14716, stack(0x000000f0ac200000,0x000000f0ac300000)]
  0x00000223a6509ce0 JavaThread "Cache worker for cache directory md-rule (C:\Users\dfabijanic\.gradle\caches\8.2\md-rule)" [_thread_blocked, id=24804, stack(0x000000f0acb00000,0x000000f0acc00000)]
  0x00000223a650a680 JavaThread "Cache worker for file hash cache (D:\dfabijanic\FOI\AIR\HomeBudgetApp\.gradle\8.2\fileHashes)" [_thread_blocked, id=3932, stack(0x000000f0acc00000,0x000000f0acd00000)]
  0x00000223a650ab50 JavaThread "Cache worker for cache directory md-supplier (C:\Users\dfabijanic\.gradle\caches\8.2\md-supplier)" [_thread_blocked, id=18820, stack(0x000000f0ace00000,0x000000f0acf00000)]
  0x00000223adc69c20 JavaThread "Cache worker for dependencies-accessors (D:\dfabijanic\FOI\AIR\HomeBudgetApp\.gradle\8.2\dependencies-accessors)" [_thread_blocked, id=7864, stack(0x000000f0acf00000,0x000000f0ad000000)]
  0x00000223a650b020 JavaThread "Cache worker for Build Output Cleanup Cache (D:\dfabijanic\FOI\AIR\HomeBudgetApp\.gradle\buildOutputCleanup)" [_thread_blocked, id=9188, stack(0x000000f0ad900000,0x000000f0ada00000)]
  0x00000223a650b4f0 JavaThread "Unconstrained build operations" [_thread_blocked, id=22892, stack(0x000000f0ada00000,0x000000f0adb00000)]
  0x00000223a6509810 JavaThread "Unconstrained build operations Thread 2" [_thread_blocked, id=24080, stack(0x000000f0add00000,0x000000f0ade00000)]
  0x00000223a6508000 JavaThread "Unconstrained build operations Thread 3" [_thread_blocked, id=26060, stack(0x000000f0ade00000,0x000000f0adf00000)]
  0x00000223a65084d0 JavaThread "Unconstrained build operations Thread 4" [_thread_blocked, id=1788, stack(0x000000f0adf00000,0x000000f0ae000000)]
  0x00000223aa9ba150 JavaThread "Unconstrained build operations Thread 5" [_thread_blocked, id=6676, stack(0x000000f0ae000000,0x000000f0ae100000)]
  0x00000223aa9b7600 JavaThread "Unconstrained build operations Thread 6" [_thread_blocked, id=9280, stack(0x000000f0ae100000,0x000000f0ae200000)]
  0x00000223aa9b92e0 JavaThread "Unconstrained build operations Thread 7" [_thread_blocked, id=6648, stack(0x000000f0ae200000,0x000000f0ae300000)]
  0x00000223ad95a930 JavaThread "build event listener" [_thread_blocked, id=9344, stack(0x000000f0ae300000,0x000000f0ae400000)]
  0x00000223ad95ae00 JavaThread "build event listener" [_thread_blocked, id=26252, stack(0x000000f0ae400000,0x000000f0ae500000)]
  0x00000223aa9b97b0 JavaThread "included builds" [_thread_blocked, id=12256, stack(0x000000f0ae600000,0x000000f0ae700000)]
  0x00000223af1b4fd0 JavaThread "Execution worker" [_thread_blocked, id=20452, stack(0x000000f0ae700000,0x000000f0ae800000)]
  0x00000223af1b7180 JavaThread "Execution worker Thread 2" [_thread_blocked, id=25004, stack(0x000000f0ae800000,0x000000f0ae900000)]
  0x00000223af1b67e0 JavaThread "Execution worker Thread 3" [_thread_blocked, id=18144, stack(0x000000f0ae900000,0x000000f0aea00000)]
  0x00000223af1bb4e0 JavaThread "Execution worker Thread 4" [_thread_blocked, id=4892, stack(0x000000f0aea00000,0x000000f0aeb00000)]
  0x00000223af1b7ff0 JavaThread "Execution worker Thread 5" [_thread_blocked, id=16876, stack(0x000000f0aeb00000,0x000000f0aec00000)]
  0x00000223af1b5970 JavaThread "Execution worker Thread 6" [_thread_blocked, id=16120, stack(0x000000f0aec00000,0x000000f0aed00000)]
  0x00000223af1b4160 JavaThread "Execution worker Thread 7" [_thread_blocked, id=7336, stack(0x000000f0aed00000,0x000000f0aee00000)]
  0x00000223ae7866d0 JavaThread "Cache worker for execution history cache (D:\dfabijanic\FOI\AIR\HomeBudgetApp\.gradle\8.2\executionHistory)" [_thread_blocked, id=24188, stack(0x000000f0aee00000,0x000000f0aef00000)]
  0x00000223ad95b2d0 JavaThread "Unconstrained build operations Thread 8" [_thread_blocked, id=24848, stack(0x000000f0ac100000,0x000000f0ac200000)]
  0x00000223ae6ff200 JavaThread "Unconstrained build operations Thread 9" [_thread_blocked, id=26268, stack(0x000000f0aef00000,0x000000f0af000000)]
  0x00000223ae6fe860 JavaThread "Unconstrained build operations Thread 10" [_thread_blocked, id=18360, stack(0x000000f0af000000,0x000000f0af100000)]
  0x00000223ae6fdec0 JavaThread "Unconstrained build operations Thread 11" [_thread_blocked, id=22900, stack(0x000000f0af100000,0x000000f0af200000)]
  0x00000223ae6fe390 JavaThread "Unconstrained build operations Thread 12" [_thread_blocked, id=19252, stack(0x000000f0af200000,0x000000f0af300000)]
  0x00000223ae6ff6d0 JavaThread "Unconstrained build operations Thread 13" [_thread_blocked, id=14152, stack(0x000000f0af300000,0x000000f0af400000)]
  0x00000223ae6fed30 JavaThread "Unconstrained build operations Thread 14" [_thread_blocked, id=25592, stack(0x000000f0af400000,0x000000f0af500000)]
  0x00000223ae596ac0 JavaThread "Unconstrained build operations Thread 15" [_thread_blocked, id=23104, stack(0x000000f0af600000,0x000000f0af700000)]
  0x00000223ae787070 JavaThread "Unconstrained build operations Thread 16" [_thread_blocked, id=25484, stack(0x000000f0af700000,0x000000f0af800000)]
  0x00000223ae785860 JavaThread "Unconstrained build operations Thread 17" [_thread_blocked, id=1752, stack(0x000000f0af800000,0x000000f0af900000)]
  0x00000223ae786200 JavaThread "Unconstrained build operations Thread 18" [_thread_blocked, id=6128, stack(0x000000f0af900000,0x000000f0afa00000)]
  0x00000223a3f8ccc0 JavaThread "Unconstrained build operations Thread 19" [_thread_blocked, id=10728, stack(0x000000f0afa00000,0x000000f0afb00000)]
  0x00000223a3f8be50 JavaThread "Unconstrained build operations Thread 20" [_thread_blocked, id=16720, stack(0x000000f0afb00000,0x000000f0afc00000)]
  0x00000223a3f8c320 JavaThread "Unconstrained build operations Thread 21" [_thread_blocked, id=15516, stack(0x000000f0afc00000,0x000000f0afd00000)]
  0x00000223a3f8c7f0 JavaThread "Unconstrained build operations Thread 22" [_thread_blocked, id=9136, stack(0x000000f0afd00000,0x000000f0afe00000)]
  0x00000223af1b9800 JavaThread "Unconstrained build operations Thread 23" [_thread_blocked, id=5260, stack(0x000000f0afe00000,0x000000f0aff00000)]
  0x00000223af1b6cb0 JavaThread "Unconstrained build operations Thread 24" [_thread_blocked, id=16436, stack(0x000000f0aff00000,0x000000f0b0000000)]
  0x00000223af1b9cd0 JavaThread "Unconstrained build operations Thread 25" [_thread_blocked, id=26556, stack(0x000000f0b0000000,0x000000f0b0100000)]
  0x00000223af1b6310 JavaThread "Unconstrained build operations Thread 26" [_thread_blocked, id=11544, stack(0x000000f0b0100000,0x000000f0b0200000)]
  0x00000223af1ba1a0 JavaThread "Unconstrained build operations Thread 27" [_thread_blocked, id=15204, stack(0x000000f0b0200000,0x000000f0b0300000)]
  0x00000223af1b84c0 JavaThread "Unconstrained build operations Thread 28" [_thread_blocked, id=26072, stack(0x000000f0b0300000,0x000000f0b0400000)]
  0x00000223af1ba670 JavaThread "Unconstrained build operations Thread 29" [_thread_blocked, id=21872, stack(0x000000f0b0400000,0x000000f0b0500000)]
  0x00000223adc67a70 JavaThread "Unconstrained build operations Thread 30" [_thread_blocked, id=25760, stack(0x000000f0b0500000,0x000000f0b0600000)]
  0x00000223adc69750 JavaThread "Unconstrained build operations Thread 31" [_thread_blocked, id=13836, stack(0x000000f0b0600000,0x000000f0b0700000)]
  0x00000223adc6a0f0 JavaThread "WorkerExecutor Queue" [_thread_blocked, id=23244, stack(0x000000f0af500000,0x000000f0af600000)]
  0x00000223aa9baaf0 JavaThread "Unconstrained build operations Thread 32" [_thread_blocked, id=23092, stack(0x000000f0b0900000,0x000000f0b0a00000)]
  0x00000223aa9b7ad0 JavaThread "Unconstrained build operations Thread 33" [_thread_blocked, id=24864, stack(0x000000f0b0a00000,0x000000f0b0b00000)]
  0x00000223aa9ba620 JavaThread "Unconstrained build operations Thread 34" [_thread_blocked, id=23576, stack(0x000000f0b0b00000,0x000000f0b0c00000)]
  0x00000223aa9b9c80 JavaThread "Unconstrained build operations Thread 35" [_thread_blocked, id=25420, stack(0x000000f0b0c00000,0x000000f0b0d00000)]
  0x00000223aa9b7130 JavaThread "Unconstrained build operations Thread 36" [_thread_blocked, id=20156, stack(0x000000f0b0d00000,0x000000f0b0e00000)]
  0x00000223aa9b7fa0 JavaThread "Unconstrained build operations Thread 37" [_thread_blocked, id=24748, stack(0x000000f0b0e00000,0x000000f0b0f00000)]
  0x00000223af1bab40 JavaThread "RMI Scheduler(0)" daemon [_thread_blocked, id=9680, stack(0x000000f0ac000000,0x000000f0ac100000)]
  0x00000223af1b5e40 JavaThread "RMI GC Daemon" daemon [_thread_blocked, id=20384, stack(0x000000f0b0800000,0x000000f0b0900000)]
  0x00000223adc67f40 JavaThread "RMI TCP Accept-0" daemon [_thread_in_native, id=17580, stack(0x000000f0b1000000,0x000000f0b1100000)]
  0x00000223adc688e0 JavaThread "RMI Reaper" [_thread_blocked, id=21932, stack(0x000000f0b1100000,0x000000f0b1200000)]
  0x00000223aa9b8470 JavaThread "RMI TCP Connection(5)-127.0.0.1" daemon [_thread_in_native, id=10356, stack(0x000000f0b1200000,0x000000f0b1300000)]
  0x00000223aa9b8940 JavaThread "Unconstrained build operations Thread 38" [_thread_blocked, id=24384, stack(0x000000f0b0f00000,0x000000f0b1000000)]
  0x00000223aa9b8e10 JavaThread "Unconstrained build operations Thread 39" [_thread_blocked, id=14284, stack(0x000000f0b1300000,0x000000f0b1400000)]
  0x00000223aa223a10 JavaThread "Unconstrained build operations Thread 40" [_thread_blocked, id=22508, stack(0x000000f0b1400000,0x000000f0b1500000)]
  0x00000223aa223070 JavaThread "Unconstrained build operations Thread 41" [_thread_blocked, id=18412, stack(0x000000f0b1500000,0x000000f0b1600000)]
  0x00000223aa224880 JavaThread "Unconstrained build operations Thread 42" [_thread_blocked, id=4076, stack(0x000000f0b1600000,0x000000f0b1700000)]
  0x00000223aa223ee0 JavaThread "Unconstrained build operations Thread 43" [_thread_blocked, id=20036, stack(0x000000f0b1700000,0x000000f0b1800000)]
  0x00000223aa2243b0 JavaThread "Unconstrained build operations Thread 44" [_thread_blocked, id=3144, stack(0x000000f0b1800000,0x000000f0b1900000)]
  0x00000223af1b8990 JavaThread "WorkerExecutor Queue Thread 2" [_thread_blocked, id=18812, stack(0x000000f0b0700000,0x000000f0b0800000)]
  0x00000223ab3e1fb0 JavaThread "Unconstrained build operations Thread 45" [_thread_blocked, id=11416, stack(0x000000f0b1900000,0x000000f0b1a00000)]
  0x00000223ae595c50 JavaThread "WorkerExecutor Queue Thread 3" [_thread_blocked, id=15584, stack(0x000000f0b1a00000,0x000000f0b1b00000)]
  0x00000223a3f8d190 JavaThread "RMI TCP Connection(4)-127.0.0.1" daemon [_thread_in_native, id=26600, stack(0x000000f0b1c00000,0x000000f0b1d00000)]
  0x00000223af1b54a0 JavaThread "Cache worker for Java compile cache (C:\Users\dfabijanic\.gradle\caches\8.2\javaCompile)" [_thread_blocked, id=20316, stack(0x000000f0b1e00000,0x000000f0b1f00000)]
  0x00000223af1b8e60 JavaThread "Build operations" [_thread_blocked, id=20324, stack(0x000000f0b1f00000,0x000000f0b2000000)]
  0x00000223af1bb010 JavaThread "Build operations Thread 2" [_thread_blocked, id=10412, stack(0x000000f0b2000000,0x000000f0b2100000)]
  0x00000223af1b3c90 JavaThread "Build operations Thread 3" [_thread_blocked, id=13192, stack(0x000000f0b2100000,0x000000f0b2200000)]
  0x00000223af1b7b20 JavaThread "Build operations Thread 4" [_thread_blocked, id=2244, stack(0x000000f0b2200000,0x000000f0b2300000)]
  0x00000223af1b4630 JavaThread "Build operations Thread 5" [_thread_blocked, id=7064, stack(0x000000f0b2300000,0x000000f0b2400000)]
  0x00000223a66fda20 JavaThread "Build operations Thread 6" [_thread_blocked, id=26068, stack(0x000000f0b2400000,0x000000f0b2500000)]
  0x00000223a6700570 JavaThread "Build operations Thread 7" [_thread_blocked, id=18864, stack(0x000000f0b2500000,0x000000f0b2600000)]
  0x00000223a66fd080 JavaThread "Unconstrained build operations Thread 46" [_thread_blocked, id=6692, stack(0x000000f0b1d00000,0x000000f0b1e00000)]
  0x00000223a66faed0 JavaThread "Unconstrained build operations Thread 47" [_thread_blocked, id=888, stack(0x000000f0b2600000,0x000000f0b2700000)]
  0x00000223a66fb3a0 JavaThread "Unconstrained build operations Thread 48" [_thread_blocked, id=6340, stack(0x000000f0b2700000,0x000000f0b2800000)]
  0x00000223a66fb870 JavaThread "WorkerExecutor Queue Thread 4" [_thread_blocked, id=21924, stack(0x000000f0b2900000,0x000000f0b2a00000)]
  0x00000223ab3deac0 JavaThread "WorkerExecutor Queue Thread 5" [_thread_in_native, id=20076, stack(0x000000f0b1b00000,0x000000f0b1c00000)]
  0x00000223add41380 JavaThread "WorkerExecutor Queue Thread 6" [_thread_blocked, id=26428, stack(0x000000f0b2800000,0x000000f0b2900000)]
  0x00000223ae596120 JavaThread "Unconstrained build operations Thread 49" [_thread_blocked, id=24100, stack(0x000000f0b2c00000,0x000000f0b2d00000)]
  0x00000223ae5965f0 JavaThread "Unconstrained build operations Thread 50" [_thread_blocked, id=23676, stack(0x000000f0b2d00000,0x000000f0b2e00000)]
  0x00000223a66fbd40 JavaThread "Unconstrained build operations Thread 51" [_thread_blocked, id=11312, stack(0x000000f0b2e00000,0x000000f0b2f00000)]
  0x00000223a66fc210 JavaThread "Unconstrained build operations Thread 52" [_thread_blocked, id=25700, stack(0x000000f0b2f00000,0x000000f0b3000000)]
  0x00000223a66fa060 JavaThread "Unconstrained build operations Thread 53" [_thread_blocked, id=13724, stack(0x000000f0b3000000,0x000000f0b3100000)]
  0x00000223a66fd550 JavaThread "Unconstrained build operations Thread 54" [_thread_blocked, id=22840, stack(0x000000f0b3100000,0x000000f0b3200000)]
  0x00000223a66fdef0 JavaThread "Unconstrained build operations Thread 55" [_thread_blocked, id=24152, stack(0x000000f0b3200000,0x000000f0b3300000)]
  0x00000223adc66c00 JavaThread "Unconstrained build operations Thread 56" [_thread_blocked, id=16208, stack(0x000000f0b3300000,0x000000f0b3400000)]
  0x00000223ab3e1140 JavaThread "Unconstrained build operations Thread 57" [_thread_blocked, id=21196, stack(0x000000f0b3400000,0x000000f0b3500000)]
  0x00000223ab3e02d0 JavaThread "Unconstrained build operations Thread 58" [_thread_blocked, id=23600, stack(0x000000f0b3500000,0x000000f0b3600000)]
  0x00000223af109800 JavaThread "Unconstrained build operations Thread 59" [_thread_blocked, id=24464, stack(0x000000f0b3600000,0x000000f0b3700000)]
  0x00000223af107180 JavaThread "Unconstrained build operations Thread 60" [_thread_blocked, id=18008, stack(0x000000f0b3700000,0x000000f0b3800000)]
  0x00000223af107ff0 JavaThread "Unconstrained build operations Thread 61" [_thread_blocked, id=12068, stack(0x000000f0b3800000,0x000000f0b3900000)]
  0x00000223af109cd0 JavaThread "Unconstrained build operations Thread 62" [_thread_blocked, id=23588, stack(0x000000f0b3900000,0x000000f0b3a00000)]
  0x00000223ae580240 JavaThread "RMI TCP Connection(3)-127.0.0.1" daemon [_thread_in_native, id=4532, stack(0x000000f0b3b00000,0x000000f0b3c00000)]
  0x00000223a3f8b980 JavaThread "Unconstrained build operations Thread 63" [_thread_blocked, id=23912, stack(0x000000f0b2a00000,0x000000f0b2b00000)]
  0x00000223aafcc610 JavaThread "Unconstrained build operations Thread 64" [_thread_blocked, id=21900, stack(0x000000f0b2b00000,0x000000f0b2c00000)]
  0x00000223aafcd950 JavaThread "Unconstrained build operations Thread 65" [_thread_blocked, id=11144, stack(0x000000f0b3c00000,0x000000f0b3d00000)]
  0x00000223aafcb2d0 JavaThread "Unconstrained build operations Thread 66" [_thread_blocked, id=16256, stack(0x000000f0b3d00000,0x000000f0b3e00000)]
  0x00000223aafcde20 JavaThread "Unconstrained build operations Thread 67" [_thread_blocked, id=19840, stack(0x000000f0b3e00000,0x000000f0b3f00000)]
  0x00000223aafcbc70 JavaThread "Unconstrained build operations Thread 68" [_thread_blocked, id=21992, stack(0x000000f0b3f00000,0x000000f0b4000000)]
  0x00000223aafccfb0 JavaThread "Unconstrained build operations Thread 69" [_thread_blocked, id=25528, stack(0x000000f0b4000000,0x000000f0b4100000)]
=>0x00000223aac46f70 JavaThread "C2 CompilerThread1" daemon [_thread_in_native, id=4784, stack(0x000000f0b4100000,0x000000f0b4200000)]
  0x00000223aac40f40 JavaThread "C2 CompilerThread2" daemon [_thread_in_native, id=152, stack(0x000000f0b4300000,0x000000f0b4400000)]
  0x00000223aafcc140 JavaThread "WorkerExecutor Queue Thread 8" [_thread_blocked, id=3116, stack(0x000000f0b4400000,0x000000f0b4500000)]

Other Threads:
  0x00000223a1b4c400 VMThread "VM Thread" [stack: 0x000000f0aa600000,0x000000f0aa700000] [id=4656]
  0x0000022387cc1730 WatcherThread [stack: 0x000000f0ab200000,0x000000f0ab300000] [id=23980]
  0x0000022387ca1670 GCTaskThread "GC Thread#0" [stack: 0x000000f0aa100000,0x000000f0aa200000] [id=24268]
  0x00000223a34c67f0 GCTaskThread "GC Thread#1" [stack: 0x000000f0ab400000,0x000000f0ab500000] [id=4952]
  0x00000223a34c5160 GCTaskThread "GC Thread#2" [stack: 0x000000f0ab500000,0x000000f0ab600000] [id=23120]
  0x00000223a34c5410 GCTaskThread "GC Thread#3" [stack: 0x000000f0ab600000,0x000000f0ab700000] [id=23532]
  0x00000223a31ea040 GCTaskThread "GC Thread#4" [stack: 0x000000f0ab700000,0x000000f0ab800000] [id=6352]
  0x00000223a31ea2f0 GCTaskThread "GC Thread#5" [stack: 0x000000f0ab800000,0x000000f0ab900000] [id=25972]
  0x00000223a53d9060 GCTaskThread "GC Thread#6" [stack: 0x000000f0ac300000,0x000000f0ac400000] [id=16700]
  0x00000223a57768f0 GCTaskThread "GC Thread#7" [stack: 0x000000f0ac400000,0x000000f0ac500000] [id=19376]
  0x0000022387cb5f00 ConcurrentGCThread "G1 Main Marker" [stack: 0x000000f0aa200000,0x000000f0aa300000] [id=19312]
  0x0000022387cb7440 ConcurrentGCThread "G1 Conc#0" [stack: 0x000000f0aa300000,0x000000f0aa400000] [id=2004]
  0x00000223a394d1f0 ConcurrentGCThread "G1 Conc#1" [stack: 0x000000f0ac500000,0x000000f0ac600000] [id=18556]
  0x00000223a1563280 ConcurrentGCThread "G1 Refine#0" [stack: 0x000000f0aa400000,0x000000f0aa500000] [id=26472]
  0x00000223a62892b0 ConcurrentGCThread "G1 Refine#1" [stack: 0x000000f0ad100000,0x000000f0ad200000] [id=23444]
  0x00000223af4cc640 ConcurrentGCThread "G1 Refine#2" [stack: 0x000000f0b4200000,0x000000f0b4300000] [id=11304]
  0x00000223af4cc920 ConcurrentGCThread "G1 Refine#3" [stack: 0x000000f0b3a00000,0x000000f0b3b00000] [id=17460]
  0x00000223a1563ab0 ConcurrentGCThread "G1 Service" [stack: 0x000000f0aa500000,0x000000f0aa600000] [id=26592]

Threads with active compile tasks:
C2 CompilerThread0   192602 20634       4       org.jetbrains.kotlin.gradle.internal.kapt.incremental.ClasspathEntryData::readObject (422 bytes)
C2 CompilerThread1   192602 20636       4       org.gradle.api.internal.artifacts.transform.AbstractTransformedArtifactSet::visit (104 bytes)
C2 CompilerThread2   192602 20642 %     4       org.jetbrains.kotlin.gradle.internal.kapt.incremental.ClasspathEntryData::writeObject @ 343 (1063 bytes)

VM state: not at safepoint (normal execution)

VM Mutex/Monitor currently owned by a thread: None

Heap address: 0x0000000080000000, size: 2048 MB, Compressed Oops mode: 32-bit

CDS archive(s) not mapped
Compressed class space mapped at: 0x0000000100000000-0x0000000140000000, reserved size: 1073741824
Narrow klass base: 0x0000000000000000, Narrow klass shift: 3, Narrow klass range: 0x140000000

GC Precious Log:
 CPUs: 8 total, 8 available
 Memory: 16039M
 Large Page Support: Disabled
 NUMA Support: Disabled
 Compressed Oops: Enabled (32-bit)
 Heap Region Size: 1M
 Heap Min Capacity: 8M
 Heap Initial Capacity: 252M
 Heap Max Capacity: 2G
 Pre-touch: Disabled
 Parallel Workers: 8
 Concurrent Workers: 2
 Concurrent Refinement Workers: 8
 Periodic GC: Disabled

Heap:
 garbage-first heap   total 377856K, used 211775K [0x0000000080000000, 0x0000000100000000)
  region size 1024K, 18 young (18432K), 3 survivors (3072K)
 Metaspace       used 140672K, committed 141824K, reserved 1179648K
  class space    used 19140K, committed 19712K, reserved 1048576K

Heap Regions: E=young(eden), S=young(survivor), O=old, HS=humongous(starts), HC=humongous(continues), CS=collection set, F=free, OA=open archive, CA=closed archive, TAMS=top-at-mark-start (previous, next)
|   0|0x0000000080000000, 0x0000000080100000, 0x0000000080100000|100%|HS|  |TAMS 0x0000000080100000, 0x0000000080000000| Complete 
|   1|0x0000000080100000, 0x0000000080200000, 0x0000000080200000|100%|HC|  |TAMS 0x0000000080200000, 0x0000000080100000| Complete 
|   2|0x0000000080200000, 0x0000000080300000, 0x0000000080300000|100%|HC|  |TAMS 0x0000000080300000, 0x0000000080200000| Complete 
|   3|0x0000000080300000, 0x0000000080400000, 0x0000000080400000|100%|HC|  |TAMS 0x0000000080400000, 0x0000000080300000| Complete 
|   4|0x0000000080400000, 0x0000000080500000, 0x0000000080500000|100%| O|  |TAMS 0x0000000080500000, 0x0000000080400000| Untracked 
|   5|0x0000000080500000, 0x0000000080600000, 0x0000000080600000|100%| O|  |TAMS 0x0000000080600000, 0x0000000080500000| Untracked 
|   6|0x0000000080600000, 0x0000000080700000, 0x0000000080700000|100%| O|  |TAMS 0x0000000080700000, 0x0000000080600000| Untracked 
|   7|0x0000000080700000, 0x0000000080800000, 0x0000000080800000|100%| O|  |TAMS 0x0000000080800000, 0x0000000080700000| Untracked 
|   8|0x0000000080800000, 0x0000000080900000, 0x0000000080900000|100%| O|  |TAMS 0x0000000080900000, 0x0000000080800000| Untracked 
|   9|0x0000000080900000, 0x0000000080a00000, 0x0000000080a00000|100%| O|  |TAMS 0x0000000080a00000, 0x0000000080900000| Untracked 
|  10|0x0000000080a00000, 0x0000000080b00000, 0x0000000080b00000|100%| O|  |TAMS 0x0000000080b00000, 0x0000000080a00000| Untracked 
|  11|0x0000000080b00000, 0x0000000080c00000, 0x0000000080c00000|100%| O|  |TAMS 0x0000000080c00000, 0x0000000080b00000| Untracked 
|  12|0x0000000080c00000, 0x0000000080d00000, 0x0000000080d00000|100%| O|  |TAMS 0x0000000080d00000, 0x0000000080c00000| Untracked 
|  13|0x0000000080d00000, 0x0000000080e00000, 0x0000000080e00000|100%| O|  |TAMS 0x0000000080e00000, 0x0000000080d00000| Untracked 
|  14|0x0000000080e00000, 0x0000000080f00000, 0x0000000080f00000|100%| O|  |TAMS 0x0000000080f00000, 0x0000000080e00000| Untracked 
|  15|0x0000000080f00000, 0x0000000081000000, 0x0000000081000000|100%| O|  |TAMS 0x0000000081000000, 0x0000000080f00000| Untracked 
|  16|0x0000000081000000, 0x0000000081100000, 0x0000000081100000|100%| O|  |TAMS 0x0000000081100000, 0x0000000081000000| Untracked 
|  17|0x0000000081100000, 0x0000000081200000, 0x0000000081200000|100%| O|  |TAMS 0x0000000081200000, 0x0000000081100000| Untracked 
|  18|0x0000000081200000, 0x0000000081300000, 0x0000000081300000|100%| O|  |TAMS 0x0000000081300000, 0x0000000081200000| Untracked 
|  19|0x0000000081300000, 0x0000000081400000, 0x0000000081400000|100%| O|  |TAMS 0x0000000081400000, 0x0000000081300000| Untracked 
|  20|0x0000000081400000, 0x0000000081500000, 0x0000000081500000|100%| O|  |TAMS 0x0000000081500000, 0x0000000081400000| Untracked 
|  21|0x0000000081500000, 0x0000000081600000, 0x0000000081600000|100%| O|  |TAMS 0x0000000081600000, 0x0000000081500000| Untracked 
|  22|0x0000000081600000, 0x0000000081700000, 0x0000000081700000|100%| O|  |TAMS 0x0000000081700000, 0x0000000081600000| Untracked 
|  23|0x0000000081700000, 0x0000000081800000, 0x0000000081800000|100%| O|  |TAMS 0x0000000081800000, 0x0000000081700000| Untracked 
|  24|0x0000000081800000, 0x0000000081800000, 0x0000000081900000|  0%| F|  |TAMS 0x0000000081800000, 0x0000000081800000| Untracked 
|  25|0x0000000081900000, 0x0000000081a00000, 0x0000000081a00000|100%| O|  |TAMS 0x0000000081a00000, 0x0000000081900000| Untracked 
|  26|0x0000000081a00000, 0x0000000081b00000, 0x0000000081b00000|100%| O|  |TAMS 0x0000000081b00000, 0x0000000081a00000| Untracked 
|  27|0x0000000081b00000, 0x0000000081c00000, 0x0000000081c00000|100%| O|  |TAMS 0x0000000081c00000, 0x0000000081b00000| Untracked 
|  28|0x0000000081c00000, 0x0000000081d00000, 0x0000000081d00000|100%| O|  |TAMS 0x0000000081d00000, 0x0000000081c00000| Untracked 
|  29|0x0000000081d00000, 0x0000000081e00000, 0x0000000081e00000|100%| O|  |TAMS 0x0000000081e00000, 0x0000000081d00000| Untracked 
|  30|0x0000000081e00000, 0x0000000081f00000, 0x0000000081f00000|100%| O|  |TAMS 0x0000000081f00000, 0x0000000081e00000| Untracked 
|  31|0x0000000081f00000, 0x0000000082000000, 0x0000000082000000|100%| O|  |TAMS 0x0000000082000000, 0x0000000081f00000| Untracked 
|  32|0x0000000082000000, 0x0000000082100000, 0x0000000082100000|100%| O|  |TAMS 0x0000000082100000, 0x0000000082000000| Untracked 
|  33|0x0000000082100000, 0x0000000082200000, 0x0000000082200000|100%| O|  |TAMS 0x0000000082200000, 0x0000000082100000| Complete 
|  34|0x0000000082200000, 0x0000000082300000, 0x0000000082300000|100%|HS|  |TAMS 0x0000000082300000, 0x0000000082200000| Complete 
|  35|0x0000000082300000, 0x0000000082400000, 0x0000000082400000|100%|HS|  |TAMS 0x0000000082400000, 0x0000000082300000| Complete 
|  36|0x0000000082400000, 0x0000000082500000, 0x0000000082500000|100%| O|  |TAMS 0x0000000082500000, 0x0000000082400000| Untracked 
|  37|0x0000000082500000, 0x0000000082600000, 0x0000000082600000|100%| O|  |TAMS 0x0000000082600000, 0x0000000082500000| Untracked 
|  38|0x0000000082600000, 0x0000000082700000, 0x0000000082700000|100%| O|  |TAMS 0x0000000082700000, 0x0000000082600000| Complete 
|  39|0x0000000082700000, 0x0000000082700000, 0x0000000082800000|  0%| F|  |TAMS 0x0000000082700000, 0x0000000082700000| Untracked 
|  40|0x0000000082800000, 0x0000000082900000, 0x0000000082900000|100%| O|  |TAMS 0x0000000082900000, 0x0000000082800000| Untracked 
|  41|0x0000000082900000, 0x0000000082a00000, 0x0000000082a00000|100%|HS|  |TAMS 0x0000000082a00000, 0x0000000082900000| Complete 
|  42|0x0000000082a00000, 0x0000000082b00000, 0x0000000082b00000|100%|HC|  |TAMS 0x0000000082b00000, 0x0000000082a00000| Complete 
|  43|0x0000000082b00000, 0x0000000082c00000, 0x0000000082c00000|100%|HS|  |TAMS 0x0000000082c00000, 0x0000000082b00000| Complete 
|  44|0x0000000082c00000, 0x0000000082d00000, 0x0000000082d00000|100%|HC|  |TAMS 0x0000000082d00000, 0x0000000082c00000| Complete 
|  45|0x0000000082d00000, 0x0000000082e00000, 0x0000000082e00000|100%| O|  |TAMS 0x0000000082e00000, 0x0000000082d00000| Untracked 
|  46|0x0000000082e00000, 0x0000000082f00000, 0x0000000082f00000|100%| O|  |TAMS 0x0000000082f00000, 0x0000000082e00000| Untracked 
|  47|0x0000000082f00000, 0x0000000083000000, 0x0000000083000000|100%|HS|  |TAMS 0x0000000083000000, 0x0000000082f00000| Complete 
|  48|0x0000000083000000, 0x0000000083100000, 0x0000000083100000|100%|HS|  |TAMS 0x0000000083100000, 0x0000000083000000| Complete 
|  49|0x0000000083100000, 0x0000000083200000, 0x0000000083200000|100%|HC|  |TAMS 0x0000000083200000, 0x0000000083100000| Complete 
|  50|0x0000000083200000, 0x0000000083300000, 0x0000000083300000|100%|HC|  |TAMS 0x0000000083300000, 0x0000000083200000| Complete 
|  51|0x0000000083300000, 0x0000000083400000, 0x0000000083400000|100%|HC|  |TAMS 0x0000000083400000, 0x0000000083300000| Complete 
|  52|0x0000000083400000, 0x0000000083500000, 0x0000000083500000|100%|HS|  |TAMS 0x0000000083500000, 0x0000000083400000| Complete 
|  53|0x0000000083500000, 0x0000000083600000, 0x0000000083600000|100%| O|  |TAMS 0x0000000083600000, 0x0000000083500000| Untracked 
|  54|0x0000000083600000, 0x0000000083700000, 0x0000000083700000|100%| O|  |TAMS 0x0000000083700000, 0x0000000083600000| Untracked 
|  55|0x0000000083700000, 0x0000000083800000, 0x0000000083800000|100%| O|  |TAMS 0x0000000083800000, 0x0000000083700000| Untracked 
|  56|0x0000000083800000, 0x0000000083900000, 0x0000000083900000|100%| O|  |TAMS 0x0000000083900000, 0x0000000083800000| Untracked 
|  57|0x0000000083900000, 0x0000000083a00000, 0x0000000083a00000|100%| O|  |TAMS 0x0000000083a00000, 0x0000000083900000| Untracked 
|  58|0x0000000083a00000, 0x0000000083b00000, 0x0000000083b00000|100%| O|  |TAMS 0x0000000083b00000, 0x0000000083a00000| Untracked 
|  59|0x0000000083b00000, 0x0000000083c00000, 0x0000000083c00000|100%| O|  |TAMS 0x0000000083c00000, 0x0000000083b00000| Untracked 
|  60|0x0000000083c00000, 0x0000000083d00000, 0x0000000083d00000|100%| O|  |TAMS 0x0000000083d00000, 0x0000000083c00000| Untracked 
|  61|0x0000000083d00000, 0x0000000083e00000, 0x0000000083e00000|100%| O|  |TAMS 0x0000000083e00000, 0x0000000083d00000| Untracked 
|  62|0x0000000083e00000, 0x0000000083f00000, 0x0000000083f00000|100%| O|  |TAMS 0x0000000083f00000, 0x0000000083e00000| Untracked 
|  63|0x0000000083f00000, 0x0000000084000000, 0x0000000084000000|100%| O|  |TAMS 0x0000000084000000, 0x0000000083f00000| Untracked 
|  64|0x0000000084000000, 0x0000000084100000, 0x0000000084100000|100%| O|  |TAMS 0x0000000084100000, 0x0000000084000000| Untracked 
|  65|0x0000000084100000, 0x0000000084200000, 0x0000000084200000|100%| O|  |TAMS 0x0000000084200000, 0x0000000084100000| Untracked 
|  66|0x0000000084200000, 0x0000000084300000, 0x0000000084300000|100%| O|  |TAMS 0x0000000084300000, 0x0000000084200000| Untracked 
|  67|0x0000000084300000, 0x0000000084400000, 0x0000000084400000|100%| O|  |TAMS 0x0000000084400000, 0x0000000084300000| Untracked 
|  68|0x0000000084400000, 0x0000000084500000, 0x0000000084500000|100%| O|  |TAMS 0x0000000084500000, 0x0000000084400000| Untracked 
|  69|0x0000000084500000, 0x0000000084600000, 0x0000000084600000|100%| O|  |TAMS 0x0000000084600000, 0x0000000084500000| Untracked 
|  70|0x0000000084600000, 0x0000000084700000, 0x0000000084700000|100%|HS|  |TAMS 0x0000000084700000, 0x0000000084600000| Complete 
|  71|0x0000000084700000, 0x0000000084800000, 0x0000000084800000|100%|HC|  |TAMS 0x0000000084800000, 0x0000000084700000| Complete 
|  72|0x0000000084800000, 0x0000000084900000, 0x0000000084900000|100%|HC|  |TAMS 0x0000000084900000, 0x0000000084800000| Complete 
|  73|0x0000000084900000, 0x0000000084a00000, 0x0000000084a00000|100%|HC|  |TAMS 0x0000000084a00000, 0x0000000084900000| Complete 
|  74|0x0000000084a00000, 0x0000000084b00000, 0x0000000084b00000|100%| O|  |TAMS 0x0000000084b00000, 0x0000000084a00000| Untracked 
|  75|0x0000000084b00000, 0x0000000084c00000, 0x0000000084c00000|100%| O|  |TAMS 0x0000000084c00000, 0x0000000084b00000| Untracked 
|  76|0x0000000084c00000, 0x0000000084d00000, 0x0000000084d00000|100%| O|  |TAMS 0x0000000084d00000, 0x0000000084c00000| Untracked 
|  77|0x0000000084d00000, 0x0000000084e00000, 0x0000000084e00000|100%| O|  |TAMS 0x0000000084e00000, 0x0000000084d00000| Untracked 
|  78|0x0000000084e00000, 0x0000000084f00000, 0x0000000084f00000|100%| O|  |TAMS 0x0000000084f00000, 0x0000000084e00000| Untracked 
|  79|0x0000000084f00000, 0x0000000085000000, 0x0000000085000000|100%| O|  |TAMS 0x0000000085000000, 0x0000000084f00000| Untracked 
|  80|0x0000000085000000, 0x0000000085000000, 0x0000000085100000|  0%| F|  |TAMS 0x0000000085000000, 0x0000000085000000| Untracked 
|  81|0x0000000085100000, 0x0000000085200000, 0x0000000085200000|100%| O|  |TAMS 0x0000000085200000, 0x0000000085100000| Complete 
|  82|0x0000000085200000, 0x0000000085300000, 0x0000000085300000|100%| O|  |TAMS 0x0000000085300000, 0x0000000085200000| Untracked 
|  83|0x0000000085300000, 0x0000000085400000, 0x0000000085400000|100%| O|  |TAMS 0x0000000085400000, 0x0000000085300000| Complete 
|  84|0x0000000085400000, 0x0000000085500000, 0x0000000085500000|100%| O|  |TAMS 0x0000000085500000, 0x0000000085400000| Complete 
|  85|0x0000000085500000, 0x0000000085600000, 0x0000000085600000|100%| O|  |TAMS 0x0000000085600000, 0x0000000085500000| Untracked 
|  86|0x0000000085600000, 0x0000000085700000, 0x0000000085700000|100%| O|  |TAMS 0x0000000085700000, 0x0000000085600000| Complete 
|  87|0x0000000085700000, 0x0000000085800000, 0x0000000085800000|100%| O|  |TAMS 0x0000000085800000, 0x0000000085700000| Untracked 
|  88|0x0000000085800000, 0x0000000085900000, 0x0000000085900000|100%| O|  |TAMS 0x0000000085900000, 0x0000000085800000| Untracked 
|  89|0x0000000085900000, 0x0000000085a00000, 0x0000000085a00000|100%| O|  |TAMS 0x0000000085900000, 0x0000000085900000| Untracked 
|  90|0x0000000085a00000, 0x0000000085a00000, 0x0000000085b00000|  0%| F|  |TAMS 0x0000000085a00000, 0x0000000085a00000| Untracked 
|  91|0x0000000085b00000, 0x0000000085b00000, 0x0000000085c00000|  0%| F|  |TAMS 0x0000000085b00000, 0x0000000085b00000| Untracked 
|  92|0x0000000085c00000, 0x0000000085d00000, 0x0000000085d00000|100%| O|  |TAMS 0x0000000085d00000, 0x0000000085c00000| Complete 
|  93|0x0000000085d00000, 0x0000000085d00000, 0x0000000085e00000|  0%| F|  |TAMS 0x0000000085d00000, 0x0000000085d00000| Untracked 
|  94|0x0000000085e00000, 0x0000000085e00000, 0x0000000085f00000|  0%| F|  |TAMS 0x0000000085e00000, 0x0000000085e00000| Untracked 
|  95|0x0000000085f00000, 0x0000000085f00000, 0x0000000086000000|  0%| F|  |TAMS 0x0000000085f00000, 0x0000000085f00000| Untracked 
|  96|0x0000000086000000, 0x0000000086000000, 0x0000000086100000|  0%| F|  |TAMS 0x0000000086000000, 0x0000000086000000| Untracked 
|  97|0x0000000086100000, 0x0000000086100000, 0x0000000086200000|  0%| F|  |TAMS 0x0000000086100000, 0x0000000086100000| Untracked 
|  98|0x0000000086200000, 0x0000000086300000, 0x0000000086300000|100%| O|  |TAMS 0x0000000086300000, 0x0000000086200000| Untracked 
|  99|0x0000000086300000, 0x0000000086400000, 0x0000000086400000|100%| O|  |TAMS 0x0000000086400000, 0x0000000086300000| Untracked 
| 100|0x0000000086400000, 0x0000000086500000, 0x0000000086500000|100%| O|  |TAMS 0x0000000086500000, 0x0000000086400000| Untracked 
| 101|0x0000000086500000, 0x0000000086600000, 0x0000000086600000|100%| O|  |TAMS 0x0000000086600000, 0x0000000086500000| Untracked 
| 102|0x0000000086600000, 0x0000000086700000, 0x0000000086700000|100%| O|  |TAMS 0x0000000086700000, 0x0000000086600000| Untracked 
| 103|0x0000000086700000, 0x0000000086800000, 0x0000000086800000|100%| O|  |TAMS 0x0000000086800000, 0x0000000086700000| Untracked 
| 104|0x0000000086800000, 0x0000000086900000, 0x0000000086900000|100%| O|  |TAMS 0x0000000086900000, 0x0000000086800000| Untracked 
| 105|0x0000000086900000, 0x0000000086a00000, 0x0000000086a00000|100%| O|  |TAMS 0x0000000086a00000, 0x0000000086900000| Complete 
| 106|0x0000000086a00000, 0x0000000086b00000, 0x0000000086b00000|100%| O|  |TAMS 0x0000000086b00000, 0x0000000086a00000| Complete 
| 107|0x0000000086b00000, 0x0000000086c00000, 0x0000000086c00000|100%| O|  |TAMS 0x0000000086c00000, 0x0000000086b00000| Untracked 
| 108|0x0000000086c00000, 0x0000000086d00000, 0x0000000086d00000|100%| O|  |TAMS 0x0000000086d00000, 0x0000000086c00000| Untracked 
| 109|0x0000000086d00000, 0x0000000086e00000, 0x0000000086e00000|100%| O|  |TAMS 0x0000000086e00000, 0x0000000086d00000| Untracked 
| 110|0x0000000086e00000, 0x0000000086f00000, 0x0000000086f00000|100%| O|  |TAMS 0x0000000086f00000, 0x0000000086e00000| Untracked 
| 111|0x0000000086f00000, 0x0000000087000000, 0x0000000087000000|100%| O|  |TAMS 0x0000000087000000, 0x0000000086f00000| Complete 
| 112|0x0000000087000000, 0x0000000087100000, 0x0000000087100000|100%| O|  |TAMS 0x0000000087100000, 0x0000000087000000| Untracked 
| 113|0x0000000087100000, 0x0000000087200000, 0x0000000087200000|100%| O|  |TAMS 0x0000000087200000, 0x0000000087100000| Untracked 
| 114|0x0000000087200000, 0x0000000087300000, 0x0000000087300000|100%| O|  |TAMS 0x0000000087300000, 0x0000000087200000| Untracked 
| 115|0x0000000087300000, 0x0000000087400000, 0x0000000087400000|100%| O|  |TAMS 0x0000000087400000, 0x0000000087300000| Untracked 
| 116|0x0000000087400000, 0x0000000087500000, 0x0000000087500000|100%| O|  |TAMS 0x0000000087500000, 0x0000000087400000| Untracked 
| 117|0x0000000087500000, 0x0000000087500000, 0x0000000087600000|  0%| F|  |TAMS 0x0000000087500000, 0x0000000087500000| Untracked 
| 118|0x0000000087600000, 0x0000000087700000, 0x0000000087700000|100%| O|  |TAMS 0x0000000087700000, 0x0000000087600000| Complete 
| 119|0x0000000087700000, 0x0000000087700000, 0x0000000087800000|  0%| F|  |TAMS 0x0000000087700000, 0x0000000087700000| Untracked 
| 120|0x0000000087800000, 0x0000000087800000, 0x0000000087900000|  0%| F|  |TAMS 0x0000000087800000, 0x0000000087800000| Untracked 
| 121|0x0000000087900000, 0x0000000087a00000, 0x0000000087a00000|100%| O|  |TAMS 0x0000000087a00000, 0x0000000087900000| Complete 
| 122|0x0000000087a00000, 0x0000000087b00000, 0x0000000087b00000|100%| O|  |TAMS 0x0000000087b00000, 0x0000000087a00000| Untracked 
| 123|0x0000000087b00000, 0x0000000087c00000, 0x0000000087c00000|100%| O|  |TAMS 0x0000000087c00000, 0x0000000087b00000| Untracked 
| 124|0x0000000087c00000, 0x0000000087d00000, 0x0000000087d00000|100%| O|  |TAMS 0x0000000087d00000, 0x0000000087c00000| Complete 
| 125|0x0000000087d00000, 0x0000000087e00000, 0x0000000087e00000|100%| O|  |TAMS 0x0000000087e00000, 0x0000000087d00000| Untracked 
| 126|0x0000000087e00000, 0x0000000087f00000, 0x0000000087f00000|100%| O|  |TAMS 0x0000000087f00000, 0x0000000087e00000| Untracked 
| 127|0x0000000087f00000, 0x0000000087f00000, 0x0000000088000000|  0%| F|  |TAMS 0x0000000087f00000, 0x0000000087f00000| Untracked 
| 128|0x0000000088000000, 0x0000000088000000, 0x0000000088100000|  0%| F|  |TAMS 0x0000000088000000, 0x0000000088000000| Untracked 
| 129|0x0000000088100000, 0x0000000088200000, 0x0000000088200000|100%| O|  |TAMS 0x0000000088200000, 0x0000000088100000| Complete 
| 130|0x0000000088200000, 0x0000000088300000, 0x0000000088300000|100%| O|  |TAMS 0x0000000088300000, 0x0000000088200000| Untracked 
| 131|0x0000000088300000, 0x0000000088400000, 0x0000000088400000|100%| O|  |TAMS 0x0000000088400000, 0x0000000088300000| Untracked 
| 132|0x0000000088400000, 0x0000000088500000, 0x0000000088500000|100%| O|  |TAMS 0x0000000088500000, 0x0000000088400000| Complete 
| 133|0x0000000088500000, 0x0000000088600000, 0x0000000088600000|100%| O|  |TAMS 0x0000000088600000, 0x0000000088500000| Complete 
| 134|0x0000000088600000, 0x0000000088700000, 0x0000000088700000|100%| O|  |TAMS 0x0000000088700000, 0x0000000088600000| Complete 
| 135|0x0000000088700000, 0x0000000088700000, 0x0000000088800000|  0%| F|  |TAMS 0x0000000088700000, 0x0000000088700000| Untracked 
| 136|0x0000000088800000, 0x0000000088800000, 0x0000000088900000|  0%| F|  |TAMS 0x0000000088800000, 0x0000000088800000| Untracked 
| 137|0x0000000088900000, 0x0000000088a00000, 0x0000000088a00000|100%| O|  |TAMS 0x0000000088a00000, 0x0000000088900000| Complete 
| 138|0x0000000088a00000, 0x0000000088a00000, 0x0000000088b00000|  0%| F|  |TAMS 0x0000000088a00000, 0x0000000088a00000| Untracked 
| 139|0x0000000088b00000, 0x0000000088b00000, 0x0000000088c00000|  0%| F|  |TAMS 0x0000000088b00000, 0x0000000088b00000| Untracked 
| 140|0x0000000088c00000, 0x0000000088d00000, 0x0000000088d00000|100%| O|  |TAMS 0x0000000088d00000, 0x0000000088c00000| Untracked 
| 141|0x0000000088d00000, 0x0000000088e00000, 0x0000000088e00000|100%| O|  |TAMS 0x0000000088e00000, 0x0000000088d00000| Untracked 
| 142|0x0000000088e00000, 0x0000000088f00000, 0x0000000088f00000|100%| O|  |TAMS 0x0000000088f00000, 0x0000000088e00000| Untracked 
| 143|0x0000000088f00000, 0x0000000089000000, 0x0000000089000000|100%| O|  |TAMS 0x0000000089000000, 0x0000000088f00000| Complete 
| 144|0x0000000089000000, 0x0000000089100000, 0x0000000089100000|100%| O|  |TAMS 0x0000000089100000, 0x0000000089000000| Complete 
| 145|0x0000000089100000, 0x0000000089200000, 0x0000000089200000|100%| O|  |TAMS 0x0000000089200000, 0x0000000089100000| Untracked 
| 146|0x0000000089200000, 0x0000000089300000, 0x0000000089300000|100%| O|  |TAMS 0x0000000089300000, 0x0000000089200000| Complete 
| 147|0x0000000089300000, 0x0000000089400000, 0x0000000089400000|100%| O|  |TAMS 0x0000000089400000, 0x0000000089300000| Complete 
| 148|0x0000000089400000, 0x0000000089500000, 0x0000000089500000|100%| O|  |TAMS 0x0000000089500000, 0x0000000089400000| Complete 
| 149|0x0000000089500000, 0x0000000089600000, 0x0000000089600000|100%| O|  |TAMS 0x0000000089600000, 0x0000000089500000| Complete 
| 150|0x0000000089600000, 0x0000000089700000, 0x0000000089700000|100%| O|  |TAMS 0x0000000089700000, 0x0000000089600000| Complete 
| 151|0x0000000089700000, 0x0000000089800000, 0x0000000089800000|100%| O|  |TAMS 0x0000000089800000, 0x0000000089700000| Untracked 
| 152|0x0000000089800000, 0x0000000089900000, 0x0000000089900000|100%| O|  |TAMS 0x0000000089900000, 0x0000000089800000| Untracked 
| 153|0x0000000089900000, 0x0000000089a00000, 0x0000000089a00000|100%| O|  |TAMS 0x0000000089a00000, 0x0000000089900000| Untracked 
| 154|0x0000000089a00000, 0x0000000089b00000, 0x0000000089b00000|100%| O|  |TAMS 0x0000000089b00000, 0x0000000089a00000| Untracked 
| 155|0x0000000089b00000, 0x0000000089c00000, 0x0000000089c00000|100%| O|  |TAMS 0x0000000089c00000, 0x0000000089b00000| Untracked 
| 156|0x0000000089c00000, 0x0000000089d00000, 0x0000000089d00000|100%| O|  |TAMS 0x0000000089d00000, 0x0000000089c00000| Untracked 
| 157|0x0000000089d00000, 0x0000000089e00000, 0x0000000089e00000|100%| O|  |TAMS 0x0000000089e00000, 0x0000000089d00000| Untracked 
| 158|0x0000000089e00000, 0x0000000089f00000, 0x0000000089f00000|100%| O|  |TAMS 0x0000000089f00000, 0x0000000089e00000| Untracked 
| 159|0x0000000089f00000, 0x000000008a000000, 0x000000008a000000|100%| O|  |TAMS 0x000000008a000000, 0x0000000089f00000| Untracked 
| 160|0x000000008a000000, 0x000000008a100000, 0x000000008a100000|100%| O|  |TAMS 0x000000008a100000, 0x000000008a000000| Untracked 
| 161|0x000000008a100000, 0x000000008a200000, 0x000000008a200000|100%| O|  |TAMS 0x000000008a200000, 0x000000008a100000| Untracked 
| 162|0x000000008a200000, 0x000000008a300000, 0x000000008a300000|100%| O|  |TAMS 0x000000008a300000, 0x000000008a200000| Untracked 
| 163|0x000000008a300000, 0x000000008a400000, 0x000000008a400000|100%| O|  |TAMS 0x000000008a400000, 0x000000008a300000| Untracked 
| 164|0x000000008a400000, 0x000000008a500000, 0x000000008a500000|100%| O|  |TAMS 0x000000008a500000, 0x000000008a400000| Untracked 
| 165|0x000000008a500000, 0x000000008a600000, 0x000000008a600000|100%| O|  |TAMS 0x000000008a600000, 0x000000008a500000| Complete 
| 166|0x000000008a600000, 0x000000008a700000, 0x000000008a700000|100%| O|  |TAMS 0x000000008a700000, 0x000000008a600000| Untracked 
| 167|0x000000008a700000, 0x000000008a800000, 0x000000008a800000|100%| O|  |TAMS 0x000000008a800000, 0x000000008a700000| Untracked 
| 168|0x000000008a800000, 0x000000008a900000, 0x000000008a900000|100%| O|  |TAMS 0x000000008a900000, 0x000000008a800000| Untracked 
| 169|0x000000008a900000, 0x000000008aa00000, 0x000000008aa00000|100%| O|  |TAMS 0x000000008aa00000, 0x000000008a900000| Complete 
| 170|0x000000008aa00000, 0x000000008ab00000, 0x000000008ab00000|100%| O|  |TAMS 0x000000008ab00000, 0x000000008aa00000| Untracked 
| 171|0x000000008ab00000, 0x000000008ac00000, 0x000000008ac00000|100%| O|  |TAMS 0x000000008ac00000, 0x000000008ab00000| Complete 
| 172|0x000000008ac00000, 0x000000008ad00000, 0x000000008ad00000|100%| O|  |TAMS 0x000000008ad00000, 0x000000008ac00000| Untracked 
| 173|0x000000008ad00000, 0x000000008ae00000, 0x000000008ae00000|100%| O|  |TAMS 0x000000008ae00000, 0x000000008ad00000| Untracked 
| 174|0x000000008ae00000, 0x000000008ae00000, 0x000000008af00000|  0%| F|  |TAMS 0x000000008ae00000, 0x000000008ae00000| Untracked 
| 175|0x000000008af00000, 0x000000008b000000, 0x000000008b000000|100%| O|  |TAMS 0x000000008b000000, 0x000000008af00000| Untracked 
| 176|0x000000008b000000, 0x000000008b100000, 0x000000008b100000|100%| O|  |TAMS 0x000000008b100000, 0x000000008b000000| Untracked 
| 177|0x000000008b100000, 0x000000008b200000, 0x000000008b200000|100%| O|  |TAMS 0x000000008b200000, 0x000000008b100000| Untracked 
| 178|0x000000008b200000, 0x000000008b200000, 0x000000008b300000|  0%| F|  |TAMS 0x000000008b200000, 0x000000008b200000| Untracked 
| 179|0x000000008b300000, 0x000000008b400000, 0x000000008b400000|100%| O|  |TAMS 0x000000008b300000, 0x000000008b300000| Untracked 
| 180|0x000000008b400000, 0x000000008b500000, 0x000000008b500000|100%| O|  |TAMS 0x000000008b500000, 0x000000008b400000| Complete 
| 181|0x000000008b500000, 0x000000008b500000, 0x000000008b600000|  0%| F|  |TAMS 0x000000008b500000, 0x000000008b500000| Untracked 
| 182|0x000000008b600000, 0x000000008b700000, 0x000000008b700000|100%| O|  |TAMS 0x000000008b700000, 0x000000008b600000| Untracked 
| 183|0x000000008b700000, 0x000000008b800000, 0x000000008b800000|100%| O|  |TAMS 0x000000008b800000, 0x000000008b700000| Untracked 
| 184|0x000000008b800000, 0x000000008b800000, 0x000000008b900000|  0%| F|  |TAMS 0x000000008b800000, 0x000000008b800000| Untracked 
| 185|0x000000008b900000, 0x000000008b900000, 0x000000008ba00000|  0%| F|  |TAMS 0x000000008b900000, 0x000000008b900000| Untracked 
| 186|0x000000008ba00000, 0x000000008ba00000, 0x000000008bb00000|  0%| F|  |TAMS 0x000000008ba00000, 0x000000008ba00000| Untracked 
| 187|0x000000008bb00000, 0x000000008bb00000, 0x000000008bc00000|  0%| F|  |TAMS 0x000000008bb00000, 0x000000008bb00000| Untracked 
| 188|0x000000008bc00000, 0x000000008bc00000, 0x000000008bd00000|  0%| F|  |TAMS 0x000000008bc00000, 0x000000008bc00000| Untracked 
| 189|0x000000008bd00000, 0x000000008bd00000, 0x000000008be00000|  0%| F|  |TAMS 0x000000008bd00000, 0x000000008bd00000| Untracked 
| 190|0x000000008be00000, 0x000000008be00000, 0x000000008bf00000|  0%| F|  |TAMS 0x000000008be00000, 0x000000008be00000| Untracked 
| 191|0x000000008bf00000, 0x000000008bf00000, 0x000000008c000000|  0%| F|  |TAMS 0x000000008bf00000, 0x000000008bf00000| Untracked 
| 192|0x000000008c000000, 0x000000008c100000, 0x000000008c100000|100%| O|  |TAMS 0x000000008c100000, 0x000000008c000000| Complete 
| 193|0x000000008c100000, 0x000000008c200000, 0x000000008c200000|100%| O|  |TAMS 0x000000008c200000, 0x000000008c100000| Untracked 
| 194|0x000000008c200000, 0x000000008c200000, 0x000000008c300000|  0%| F|  |TAMS 0x000000008c200000, 0x000000008c200000| Untracked 
| 195|0x000000008c300000, 0x000000008c300000, 0x000000008c400000|  0%| F|  |TAMS 0x000000008c300000, 0x000000008c300000| Untracked 
| 196|0x000000008c400000, 0x000000008c400000, 0x000000008c500000|  0%| F|  |TAMS 0x000000008c400000, 0x000000008c400000| Untracked 
| 197|0x000000008c500000, 0x000000008c500000, 0x000000008c600000|  0%| F|  |TAMS 0x000000008c500000, 0x000000008c500000| Untracked 
| 198|0x000000008c600000, 0x000000008c600000, 0x000000008c700000|  0%| F|  |TAMS 0x000000008c600000, 0x000000008c600000| Untracked 
| 199|0x000000008c700000, 0x000000008c700000, 0x000000008c800000|  0%| F|  |TAMS 0x000000008c700000, 0x000000008c700000| Untracked 
| 200|0x000000008c800000, 0x000000008c900000, 0x000000008c900000|100%| O|  |TAMS 0x000000008c900000, 0x000000008c800000| Untracked 
| 201|0x000000008c900000, 0x000000008ca00000, 0x000000008ca00000|100%| O|  |TAMS 0x000000008ca00000, 0x000000008c900000| Untracked 
| 202|0x000000008ca00000, 0x000000008cb00000, 0x000000008cb00000|100%| O|  |TAMS 0x000000008cb00000, 0x000000008ca00000| Untracked 
| 203|0x000000008cb00000, 0x000000008cb00000, 0x000000008cc00000|  0%| F|  |TAMS 0x000000008cb00000, 0x000000008cb00000| Untracked 
| 204|0x000000008cc00000, 0x000000008cc00000, 0x000000008cd00000|  0%| F|  |TAMS 0x000000008cc00000, 0x000000008cc00000| Untracked 
| 205|0x000000008cd00000, 0x000000008ce00000, 0x000000008ce00000|100%| O|  |TAMS 0x000000008cd00000, 0x000000008cd00000| Untracked 
| 206|0x000000008ce00000, 0x000000008ce00000, 0x000000008cf00000|  0%| F|  |TAMS 0x000000008ce00000, 0x000000008ce00000| Untracked 
| 207|0x000000008cf00000, 0x000000008cf00000, 0x000000008d000000|  0%| F|  |TAMS 0x000000008cf00000, 0x000000008cf00000| Untracked 
| 208|0x000000008d000000, 0x000000008d100000, 0x000000008d100000|100%|HS|  |TAMS 0x000000008d100000, 0x000000008d000000| Complete 
| 209|0x000000008d100000, 0x000000008d200000, 0x000000008d200000|100%|HC|  |TAMS 0x000000008d200000, 0x000000008d100000| Complete 
| 210|0x000000008d200000, 0x000000008d200000, 0x000000008d300000|  0%| F|  |TAMS 0x000000008d200000, 0x000000008d200000| Untracked 
| 211|0x000000008d300000, 0x000000008d400000, 0x000000008d400000|100%| O|  |TAMS 0x000000008d400000, 0x000000008d300000| Untracked 
| 212|0x000000008d400000, 0x000000008d500000, 0x000000008d500000|100%| O|  |TAMS 0x000000008d500000, 0x000000008d400000| Untracked 
| 213|0x000000008d500000, 0x000000008d600000, 0x000000008d600000|100%| O|  |TAMS 0x000000008d600000, 0x000000008d500000| Untracked 
| 214|0x000000008d600000, 0x000000008d700000, 0x000000008d700000|100%| O|  |TAMS 0x000000008d700000, 0x000000008d600000| Untracked 
| 215|0x000000008d700000, 0x000000008d800000, 0x000000008d800000|100%| O|  |TAMS 0x000000008d800000, 0x000000008d700000| Untracked 
| 216|0x000000008d800000, 0x000000008d900000, 0x000000008d900000|100%| O|  |TAMS 0x000000008d900000, 0x000000008d800000| Untracked 
| 217|0x000000008d900000, 0x000000008da00000, 0x000000008da00000|100%| O|  |TAMS 0x000000008d97e200, 0x000000008d900000| Untracked 
| 218|0x000000008da00000, 0x000000008db00000, 0x000000008db00000|100%| O|  |TAMS 0x000000008da00000, 0x000000008da00000| Untracked 
| 219|0x000000008db00000, 0x000000008dc00000, 0x000000008dc00000|100%| O|  |TAMS 0x000000008db00000, 0x000000008db00000| Untracked 
| 220|0x000000008dc00000, 0x000000008dd00000, 0x000000008dd00000|100%| O|  |TAMS 0x000000008dc00000, 0x000000008dc00000| Untracked 
| 221|0x000000008dd00000, 0x000000008de00000, 0x000000008de00000|100%| O|  |TAMS 0x000000008dd00000, 0x000000008dd00000| Untracked 
| 222|0x000000008de00000, 0x000000008df00000, 0x000000008df00000|100%| O|  |TAMS 0x000000008de00000, 0x000000008de00000| Untracked 
| 223|0x000000008df00000, 0x000000008e000000, 0x000000008e000000|100%| O|  |TAMS 0x000000008df00000, 0x000000008df00000| Untracked 
| 224|0x000000008e000000, 0x000000008e100000, 0x000000008e100000|100%| O|  |TAMS 0x000000008e000000, 0x000000008e000000| Untracked 
| 225|0x000000008e100000, 0x000000008e200000, 0x000000008e200000|100%| O|  |TAMS 0x000000008e100000, 0x000000008e100000| Untracked 
| 226|0x000000008e200000, 0x000000008e300000, 0x000000008e300000|100%| O|  |TAMS 0x000000008e200000, 0x000000008e200000| Untracked 
| 227|0x000000008e300000, 0x000000008e400000, 0x000000008e400000|100%| O|  |TAMS 0x000000008e300000, 0x000000008e300000| Untracked 
| 228|0x000000008e400000, 0x000000008e500000, 0x000000008e500000|100%| O|  |TAMS 0x000000008e400000, 0x000000008e400000| Untracked 
| 229|0x000000008e500000, 0x000000008e600000, 0x000000008e600000|100%| O|  |TAMS 0x000000008e500000, 0x000000008e500000| Untracked 
| 230|0x000000008e600000, 0x000000008e700000, 0x000000008e700000|100%| O|  |TAMS 0x000000008e600000, 0x000000008e600000| Untracked 
| 231|0x000000008e700000, 0x000000008e800000, 0x000000008e800000|100%| O|  |TAMS 0x000000008e700000, 0x000000008e700000| Untracked 
| 232|0x000000008e800000, 0x000000008e86fa00, 0x000000008e900000| 43%| O|  |TAMS 0x000000008e800000, 0x000000008e800000| Untracked 
| 233|0x000000008e900000, 0x000000008e900000, 0x000000008ea00000|  0%| F|  |TAMS 0x000000008e900000, 0x000000008e900000| Untracked 
| 234|0x000000008ea00000, 0x000000008ea00000, 0x000000008eb00000|  0%| F|  |TAMS 0x000000008ea00000, 0x000000008ea00000| Untracked 
| 235|0x000000008eb00000, 0x000000008eb00000, 0x000000008ec00000|  0%| F|  |TAMS 0x000000008eb00000, 0x000000008eb00000| Untracked 
| 236|0x000000008ec00000, 0x000000008ec00000, 0x000000008ed00000|  0%| F|  |TAMS 0x000000008ec00000, 0x000000008ec00000| Untracked 
| 237|0x000000008ed00000, 0x000000008ed00000, 0x000000008ee00000|  0%| F|  |TAMS 0x000000008ed00000, 0x000000008ed00000| Untracked 
| 238|0x000000008ee00000, 0x000000008ee00000, 0x000000008ef00000|  0%| F|  |TAMS 0x000000008ee00000, 0x000000008ee00000| Untracked 
| 239|0x000000008ef00000, 0x000000008ef00000, 0x000000008f000000|  0%| F|  |TAMS 0x000000008ef00000, 0x000000008ef00000| Untracked 
| 240|0x000000008f000000, 0x000000008f000000, 0x000000008f100000|  0%| F|  |TAMS 0x000000008f000000, 0x000000008f000000| Untracked 
| 241|0x000000008f100000, 0x000000008f100000, 0x000000008f200000|  0%| F|  |TAMS 0x000000008f100000, 0x000000008f100000| Untracked 
| 242|0x000000008f200000, 0x000000008f200000, 0x000000008f300000|  0%| F|  |TAMS 0x000000008f200000, 0x000000008f200000| Untracked 
| 243|0x000000008f300000, 0x000000008f300000, 0x000000008f400000|  0%| F|  |TAMS 0x000000008f300000, 0x000000008f300000| Untracked 
| 244|0x000000008f400000, 0x000000008f400000, 0x000000008f500000|  0%| F|  |TAMS 0x000000008f400000, 0x000000008f400000| Untracked 
| 245|0x000000008f500000, 0x000000008f500000, 0x000000008f600000|  0%| F|  |TAMS 0x000000008f500000, 0x000000008f500000| Untracked 
| 246|0x000000008f600000, 0x000000008f600000, 0x000000008f700000|  0%| F|  |TAMS 0x000000008f600000, 0x000000008f600000| Untracked 
| 247|0x000000008f700000, 0x000000008f700000, 0x000000008f800000|  0%| F|  |TAMS 0x000000008f700000, 0x000000008f700000| Untracked 
| 248|0x000000008f800000, 0x000000008f800000, 0x000000008f900000|  0%| F|  |TAMS 0x000000008f800000, 0x000000008f800000| Untracked 
| 249|0x000000008f900000, 0x000000008f900000, 0x000000008fa00000|  0%| F|  |TAMS 0x000000008f900000, 0x000000008f900000| Untracked 
| 250|0x000000008fa00000, 0x000000008fa00000, 0x000000008fb00000|  0%| F|  |TAMS 0x000000008fa00000, 0x000000008fa00000| Untracked 
| 251|0x000000008fb00000, 0x000000008fb00000, 0x000000008fc00000|  0%| F|  |TAMS 0x000000008fb00000, 0x000000008fb00000| Untracked 
| 252|0x000000008fc00000, 0x000000008fc00000, 0x000000008fd00000|  0%| F|  |TAMS 0x000000008fc00000, 0x000000008fc00000| Untracked 
| 253|0x000000008fd00000, 0x000000008fd00000, 0x000000008fe00000|  0%| F|  |TAMS 0x000000008fd00000, 0x000000008fd00000| Untracked 
| 254|0x000000008fe00000, 0x000000008fe00000, 0x000000008ff00000|  0%| F|  |TAMS 0x000000008fe00000, 0x000000008fe00000| Untracked 
| 255|0x000000008ff00000, 0x000000008ff00000, 0x0000000090000000|  0%| F|  |TAMS 0x000000008ff00000, 0x000000008ff00000| Untracked 
| 256|0x0000000090000000, 0x0000000090000000, 0x0000000090100000|  0%| F|  |TAMS 0x0000000090000000, 0x0000000090000000| Untracked 
| 257|0x0000000090100000, 0x0000000090100000, 0x0000000090200000|  0%| F|  |TAMS 0x0000000090100000, 0x0000000090100000| Untracked 
| 258|0x0000000090200000, 0x0000000090200000, 0x0000000090300000|  0%| F|  |TAMS 0x0000000090200000, 0x0000000090200000| Untracked 
| 259|0x0000000090300000, 0x0000000090300000, 0x0000000090400000|  0%| F|  |TAMS 0x0000000090300000, 0x0000000090300000| Untracked 
| 260|0x0000000090400000, 0x0000000090400000, 0x0000000090500000|  0%| F|  |TAMS 0x0000000090400000, 0x0000000090400000| Untracked 
| 261|0x0000000090500000, 0x0000000090500000, 0x0000000090600000|  0%| F|  |TAMS 0x0000000090500000, 0x0000000090500000| Untracked 
| 262|0x0000000090600000, 0x0000000090600000, 0x0000000090700000|  0%| F|  |TAMS 0x0000000090600000, 0x0000000090600000| Untracked 
| 263|0x0000000090700000, 0x0000000090700000, 0x0000000090800000|  0%| F|  |TAMS 0x0000000090700000, 0x0000000090700000| Untracked 
| 264|0x0000000090800000, 0x0000000090800000, 0x0000000090900000|  0%| F|  |TAMS 0x0000000090800000, 0x0000000090800000| Untracked 
| 265|0x0000000090900000, 0x0000000090900000, 0x0000000090a00000|  0%| F|  |TAMS 0x0000000090900000, 0x0000000090900000| Untracked 
| 266|0x0000000090a00000, 0x0000000090a00000, 0x0000000090b00000|  0%| F|  |TAMS 0x0000000090a00000, 0x0000000090a00000| Untracked 
| 267|0x0000000090b00000, 0x0000000090b00000, 0x0000000090c00000|  0%| F|  |TAMS 0x0000000090b00000, 0x0000000090b00000| Untracked 
| 268|0x0000000090c00000, 0x0000000090c00000, 0x0000000090d00000|  0%| F|  |TAMS 0x0000000090c00000, 0x0000000090c00000| Untracked 
| 269|0x0000000090d00000, 0x0000000090d00000, 0x0000000090e00000|  0%| F|  |TAMS 0x0000000090d00000, 0x0000000090d00000| Untracked 
| 270|0x0000000090e00000, 0x0000000090e00000, 0x0000000090f00000|  0%| F|  |TAMS 0x0000000090e00000, 0x0000000090e00000| Untracked 
| 271|0x0000000090f00000, 0x0000000090f00000, 0x0000000091000000|  0%| F|  |TAMS 0x0000000090f00000, 0x0000000090f00000| Untracked 
| 272|0x0000000091000000, 0x0000000091000000, 0x0000000091100000|  0%| F|  |TAMS 0x0000000091000000, 0x0000000091000000| Untracked 
| 273|0x0000000091100000, 0x0000000091100000, 0x0000000091200000|  0%| F|  |TAMS 0x0000000091100000, 0x0000000091100000| Untracked 
| 274|0x0000000091200000, 0x0000000091200000, 0x0000000091300000|  0%| F|  |TAMS 0x0000000091200000, 0x0000000091200000| Untracked 
| 275|0x0000000091300000, 0x0000000091300000, 0x0000000091400000|  0%| F|  |TAMS 0x0000000091300000, 0x0000000091300000| Untracked 
| 276|0x0000000091400000, 0x0000000091400000, 0x0000000091500000|  0%| F|  |TAMS 0x0000000091400000, 0x0000000091400000| Untracked 
| 277|0x0000000091500000, 0x0000000091500000, 0x0000000091600000|  0%| F|  |TAMS 0x0000000091500000, 0x0000000091500000| Untracked 
| 278|0x0000000091600000, 0x0000000091600000, 0x0000000091700000|  0%| F|  |TAMS 0x0000000091600000, 0x0000000091600000| Untracked 
| 279|0x0000000091700000, 0x0000000091700000, 0x0000000091800000|  0%| F|  |TAMS 0x0000000091700000, 0x0000000091700000| Untracked 
| 280|0x0000000091800000, 0x0000000091800000, 0x0000000091900000|  0%| F|  |TAMS 0x0000000091800000, 0x0000000091800000| Untracked 
| 281|0x0000000091900000, 0x0000000091900000, 0x0000000091a00000|  0%| F|  |TAMS 0x0000000091900000, 0x0000000091900000| Untracked 
| 282|0x0000000091a00000, 0x0000000091a00000, 0x0000000091b00000|  0%| F|  |TAMS 0x0000000091a00000, 0x0000000091a00000| Untracked 
| 283|0x0000000091b00000, 0x0000000091b00000, 0x0000000091c00000|  0%| F|  |TAMS 0x0000000091b00000, 0x0000000091b00000| Untracked 
| 284|0x0000000091c00000, 0x0000000091c00000, 0x0000000091d00000|  0%| F|  |TAMS 0x0000000091c00000, 0x0000000091c00000| Untracked 
| 285|0x0000000091d00000, 0x0000000091d00000, 0x0000000091e00000|  0%| F|  |TAMS 0x0000000091d00000, 0x0000000091d00000| Untracked 
| 286|0x0000000091e00000, 0x0000000091e00000, 0x0000000091f00000|  0%| F|  |TAMS 0x0000000091e00000, 0x0000000091e00000| Untracked 
| 287|0x0000000091f00000, 0x0000000091f00000, 0x0000000092000000|  0%| F|  |TAMS 0x0000000091f00000, 0x0000000091f00000| Untracked 
| 288|0x0000000092000000, 0x0000000092000000, 0x0000000092100000|  0%| F|  |TAMS 0x0000000092000000, 0x0000000092000000| Untracked 
| 289|0x0000000092100000, 0x0000000092100000, 0x0000000092200000|  0%| F|  |TAMS 0x0000000092100000, 0x0000000092100000| Untracked 
| 290|0x0000000092200000, 0x0000000092200000, 0x0000000092300000|  0%| F|  |TAMS 0x0000000092200000, 0x0000000092200000| Untracked 
| 291|0x0000000092300000, 0x0000000092300000, 0x0000000092400000|  0%| F|  |TAMS 0x0000000092300000, 0x0000000092300000| Untracked 
| 292|0x0000000092400000, 0x0000000092400000, 0x0000000092500000|  0%| F|  |TAMS 0x0000000092400000, 0x0000000092400000| Untracked 
| 293|0x0000000092500000, 0x0000000092500000, 0x0000000092600000|  0%| F|  |TAMS 0x0000000092500000, 0x0000000092500000| Untracked 
| 294|0x0000000092600000, 0x0000000092600000, 0x0000000092700000|  0%| F|  |TAMS 0x0000000092600000, 0x0000000092600000| Untracked 
| 295|0x0000000092700000, 0x0000000092700000, 0x0000000092800000|  0%| F|  |TAMS 0x0000000092700000, 0x0000000092700000| Untracked 
| 296|0x0000000092800000, 0x0000000092800000, 0x0000000092900000|  0%| F|  |TAMS 0x0000000092800000, 0x0000000092800000| Untracked 
| 297|0x0000000092900000, 0x0000000092900000, 0x0000000092a00000|  0%| F|  |TAMS 0x0000000092900000, 0x0000000092900000| Untracked 
| 298|0x0000000092a00000, 0x0000000092a00000, 0x0000000092b00000|  0%| F|  |TAMS 0x0000000092a00000, 0x0000000092a00000| Untracked 
| 299|0x0000000092b00000, 0x0000000092b00000, 0x0000000092c00000|  0%| F|  |TAMS 0x0000000092b00000, 0x0000000092b00000| Untracked 
| 300|0x0000000092c00000, 0x0000000092c00000, 0x0000000092d00000|  0%| F|  |TAMS 0x0000000092c00000, 0x0000000092c00000| Untracked 
| 301|0x0000000092d00000, 0x0000000092d00000, 0x0000000092e00000|  0%| F|  |TAMS 0x0000000092d00000, 0x0000000092d00000| Untracked 
| 302|0x0000000092e00000, 0x0000000092e00000, 0x0000000092f00000|  0%| F|  |TAMS 0x0000000092e00000, 0x0000000092e00000| Untracked 
| 303|0x0000000092f00000, 0x0000000092f00000, 0x0000000093000000|  0%| F|  |TAMS 0x0000000092f00000, 0x0000000092f00000| Untracked 
| 304|0x0000000093000000, 0x0000000093000000, 0x0000000093100000|  0%| F|  |TAMS 0x0000000093000000, 0x0000000093000000| Untracked 
| 305|0x0000000093100000, 0x0000000093100000, 0x0000000093200000|  0%| F|  |TAMS 0x0000000093100000, 0x0000000093100000| Untracked 
| 306|0x0000000093200000, 0x0000000093200000, 0x0000000093300000|  0%| F|  |TAMS 0x0000000093200000, 0x0000000093200000| Untracked 
| 307|0x0000000093300000, 0x0000000093300000, 0x0000000093400000|  0%| F|  |TAMS 0x0000000093300000, 0x0000000093300000| Untracked 
| 308|0x0000000093400000, 0x0000000093400000, 0x0000000093500000|  0%| F|  |TAMS 0x0000000093400000, 0x0000000093400000| Untracked 
| 309|0x0000000093500000, 0x0000000093500000, 0x0000000093600000|  0%| F|  |TAMS 0x0000000093500000, 0x0000000093500000| Untracked 
| 310|0x0000000093600000, 0x0000000093600000, 0x0000000093700000|  0%| F|  |TAMS 0x0000000093600000, 0x0000000093600000| Untracked 
| 311|0x0000000093700000, 0x0000000093700000, 0x0000000093800000|  0%| F|  |TAMS 0x0000000093700000, 0x0000000093700000| Untracked 
| 312|0x0000000093800000, 0x0000000093800000, 0x0000000093900000|  0%| F|  |TAMS 0x0000000093800000, 0x0000000093800000| Untracked 
| 313|0x0000000093900000, 0x0000000093900000, 0x0000000093a00000|  0%| F|  |TAMS 0x0000000093900000, 0x0000000093900000| Untracked 
| 314|0x0000000093a00000, 0x0000000093a00000, 0x0000000093b00000|  0%| F|  |TAMS 0x0000000093a00000, 0x0000000093a00000| Untracked 
| 315|0x0000000093b00000, 0x0000000093b00000, 0x0000000093c00000|  0%| F|  |TAMS 0x0000000093b00000, 0x0000000093b00000| Untracked 
| 316|0x0000000093c00000, 0x0000000093c00000, 0x0000000093d00000|  0%| F|  |TAMS 0x0000000093c00000, 0x0000000093c00000| Untracked 
| 317|0x0000000093d00000, 0x0000000093d00000, 0x0000000093e00000|  0%| F|  |TAMS 0x0000000093d00000, 0x0000000093d00000| Untracked 
| 318|0x0000000093e00000, 0x0000000093e00000, 0x0000000093f00000|  0%| F|  |TAMS 0x0000000093e00000, 0x0000000093e00000| Untracked 
| 319|0x0000000093f00000, 0x0000000093f00000, 0x0000000094000000|  0%| F|  |TAMS 0x0000000093f00000, 0x0000000093f00000| Untracked 
| 320|0x0000000094000000, 0x0000000094000000, 0x0000000094100000|  0%| F|  |TAMS 0x0000000094000000, 0x0000000094000000| Untracked 
| 321|0x0000000094100000, 0x0000000094100000, 0x0000000094200000|  0%| F|  |TAMS 0x0000000094100000, 0x0000000094100000| Untracked 
| 322|0x0000000094200000, 0x0000000094200000, 0x0000000094300000|  0%| F|  |TAMS 0x0000000094200000, 0x0000000094200000| Untracked 
| 323|0x0000000094300000, 0x0000000094300000, 0x0000000094400000|  0%| F|  |TAMS 0x0000000094300000, 0x0000000094300000| Untracked 
| 324|0x0000000094400000, 0x0000000094400000, 0x0000000094500000|  0%| F|  |TAMS 0x0000000094400000, 0x0000000094400000| Untracked 
| 325|0x0000000094500000, 0x0000000094500000, 0x0000000094600000|  0%| F|  |TAMS 0x0000000094500000, 0x0000000094500000| Untracked 
| 326|0x0000000094600000, 0x0000000094600000, 0x0000000094700000|  0%| F|  |TAMS 0x0000000094600000, 0x0000000094600000| Untracked 
| 327|0x0000000094700000, 0x0000000094700000, 0x0000000094800000|  0%| F|  |TAMS 0x0000000094700000, 0x0000000094700000| Untracked 
| 328|0x0000000094800000, 0x0000000094800000, 0x0000000094900000|  0%| F|  |TAMS 0x0000000094800000, 0x0000000094800000| Untracked 
| 329|0x0000000094900000, 0x0000000094900000, 0x0000000094a00000|  0%| F|  |TAMS 0x0000000094900000, 0x0000000094900000| Untracked 
| 330|0x0000000094a00000, 0x0000000094a00000, 0x0000000094b00000|  0%| F|  |TAMS 0x0000000094a00000, 0x0000000094a00000| Untracked 
| 331|0x0000000094b00000, 0x0000000094b00000, 0x0000000094c00000|  0%| F|  |TAMS 0x0000000094b00000, 0x0000000094b00000| Untracked 
| 332|0x0000000094c00000, 0x0000000094c00000, 0x0000000094d00000|  0%| F|  |TAMS 0x0000000094c00000, 0x0000000094c00000| Untracked 
| 333|0x0000000094d00000, 0x0000000094d00000, 0x0000000094e00000|  0%| F|  |TAMS 0x0000000094d00000, 0x0000000094d00000| Untracked 
| 334|0x0000000094e00000, 0x0000000094e00000, 0x0000000094f00000|  0%| F|  |TAMS 0x0000000094e00000, 0x0000000094e00000| Untracked 
| 335|0x0000000094f00000, 0x0000000094f00000, 0x0000000095000000|  0%| F|  |TAMS 0x0000000094f00000, 0x0000000094f00000| Untracked 
| 336|0x0000000095000000, 0x0000000095000000, 0x0000000095100000|  0%| F|  |TAMS 0x0000000095000000, 0x0000000095000000| Untracked 
| 337|0x0000000095100000, 0x0000000095100000, 0x0000000095200000|  0%| F|  |TAMS 0x0000000095100000, 0x0000000095100000| Untracked 
| 338|0x0000000095200000, 0x0000000095200000, 0x0000000095300000|  0%| F|  |TAMS 0x0000000095200000, 0x0000000095200000| Untracked 
| 339|0x0000000095300000, 0x0000000095300000, 0x0000000095400000|  0%| F|  |TAMS 0x0000000095300000, 0x0000000095300000| Untracked 
| 340|0x0000000095400000, 0x0000000095400000, 0x0000000095500000|  0%| F|  |TAMS 0x0000000095400000, 0x0000000095400000| Untracked 
| 341|0x0000000095500000, 0x0000000095500000, 0x0000000095600000|  0%| F|  |TAMS 0x0000000095500000, 0x0000000095500000| Untracked 
| 342|0x0000000095600000, 0x0000000095600000, 0x0000000095700000|  0%| F|  |TAMS 0x0000000095600000, 0x0000000095600000| Untracked 
| 343|0x0000000095700000, 0x0000000095700000, 0x0000000095800000|  0%| F|  |TAMS 0x0000000095700000, 0x0000000095700000| Untracked 
| 344|0x0000000095800000, 0x0000000095800000, 0x0000000095900000|  0%| F|  |TAMS 0x0000000095800000, 0x0000000095800000| Untracked 
| 345|0x0000000095900000, 0x0000000095900000, 0x0000000095a00000|  0%| F|  |TAMS 0x0000000095900000, 0x0000000095900000| Untracked 
| 346|0x0000000095a00000, 0x0000000095a00000, 0x0000000095b00000|  0%| F|  |TAMS 0x0000000095a00000, 0x0000000095a00000| Untracked 
| 347|0x0000000095b00000, 0x0000000095b00000, 0x0000000095c00000|  0%| F|  |TAMS 0x0000000095b00000, 0x0000000095b00000| Untracked 
| 348|0x0000000095c00000, 0x0000000095c00000, 0x0000000095d00000|  0%| F|  |TAMS 0x0000000095c00000, 0x0000000095c00000| Untracked 
| 349|0x0000000095d00000, 0x0000000095d00000, 0x0000000095e00000|  0%| F|  |TAMS 0x0000000095d00000, 0x0000000095d00000| Untracked 
| 350|0x0000000095e00000, 0x0000000095e00000, 0x0000000095f00000|  0%| F|  |TAMS 0x0000000095e00000, 0x0000000095e00000| Untracked 
| 351|0x0000000095f00000, 0x0000000095f25800, 0x0000000096000000| 14%| E|  |TAMS 0x0000000095f00000, 0x0000000095f00000| Complete 
| 352|0x0000000096000000, 0x0000000096100000, 0x0000000096100000|100%| E|CS|TAMS 0x0000000096000000, 0x0000000096000000| Complete 
| 353|0x0000000096100000, 0x0000000096200000, 0x0000000096200000|100%| E|CS|TAMS 0x0000000096100000, 0x0000000096100000| Complete 
| 354|0x0000000096200000, 0x0000000096300000, 0x0000000096300000|100%| E|CS|TAMS 0x0000000096200000, 0x0000000096200000| Complete 
| 355|0x0000000096300000, 0x0000000096400000, 0x0000000096400000|100%| E|  |TAMS 0x0000000096300000, 0x0000000096300000| Complete 
| 356|0x0000000096400000, 0x0000000096500000, 0x0000000096500000|100%| E|CS|TAMS 0x0000000096400000, 0x0000000096400000| Complete 
| 357|0x0000000096500000, 0x0000000096600000, 0x0000000096600000|100%| E|CS|TAMS 0x0000000096500000, 0x0000000096500000| Complete 
| 358|0x0000000096600000, 0x0000000096660300, 0x0000000096700000| 37%| S|CS|TAMS 0x0000000096600000, 0x0000000096600000| Complete 
| 359|0x0000000096700000, 0x0000000096800000, 0x0000000096800000|100%| S|CS|TAMS 0x0000000096700000, 0x0000000096700000| Complete 
| 360|0x0000000096800000, 0x0000000096900000, 0x0000000096900000|100%| S|CS|TAMS 0x0000000096800000, 0x0000000096800000| Complete 
| 361|0x0000000096900000, 0x0000000096a00000, 0x0000000096a00000|100%| E|CS|TAMS 0x0000000096900000, 0x0000000096900000| Complete 
| 362|0x0000000096a00000, 0x0000000096b00000, 0x0000000096b00000|100%| E|CS|TAMS 0x0000000096a00000, 0x0000000096a00000| Complete 
| 363|0x0000000096b00000, 0x0000000096c00000, 0x0000000096c00000|100%| E|CS|TAMS 0x0000000096b00000, 0x0000000096b00000| Complete 
| 364|0x0000000096c00000, 0x0000000096d00000, 0x0000000096d00000|100%| E|CS|TAMS 0x0000000096c00000, 0x0000000096c00000| Complete 
| 365|0x0000000096d00000, 0x0000000096e00000, 0x0000000096e00000|100%| E|CS|TAMS 0x0000000096d00000, 0x0000000096d00000| Complete 
| 366|0x0000000096e00000, 0x0000000096f00000, 0x0000000096f00000|100%| E|CS|TAMS 0x0000000096e00000, 0x0000000096e00000| Complete 
| 367|0x0000000096f00000, 0x0000000097000000, 0x0000000097000000|100%| E|CS|TAMS 0x0000000096f00000, 0x0000000096f00000| Complete 
| 368|0x0000000097000000, 0x0000000097100000, 0x0000000097100000|100%| E|CS|TAMS 0x0000000097000000, 0x0000000097000000| Complete 

Card table byte_map: [0x000002239a810000,0x000002239ac10000] _byte_map_base: 0x000002239a410000

Marking Bits (Prev, Next): (CMBitMap*) 0x0000022387ca3ff0, (CMBitMap*) 0x0000022387ca3fb0
 Prev Bits: [0x000002239d010000, 0x000002239f010000)
 Next Bits: [0x000002239b010000, 0x000002239d010000)

Polling page: 0x0000022386bd0000

Metaspace:

Usage:
  Non-class:    118.68 MB used.
      Class:     18.69 MB used.
       Both:    137.38 MB used.

Virtual space:
  Non-class space:      128.00 MB reserved,     119.25 MB ( 93%) committed,  16 nodes.
      Class space:        1.00 GB reserved,      19.25 MB (  2%) committed,  1 nodes.
             Both:        1.12 GB reserved,     138.50 MB ( 12%) committed. 

Chunk freelists:
   Non-Class:  4.39 MB
       Class:  576.00 KB
        Both:  4.95 MB

MaxMetaspaceSize: unlimited
CompressedClassSpaceSize: 1.00 GB
Initial GC threshold: 21.00 MB
Current GC threshold: 223.25 MB
CDS: off
MetaspaceReclaimPolicy: balanced
 - commit_granule_bytes: 65536.
 - commit_granule_words: 8192.
 - virtual_space_node_default_size: 1048576.
 - enlarge_chunks_in_place: 1.
 - new_chunks_are_fully_committed: 0.
 - uncommit_free_chunks: 1.
 - use_allocation_guard: 0.
 - handle_deallocations: 1.


Internal statistics:

num_allocs_failed_limit: 18.
num_arena_births: 1984.
num_arena_deaths: 16.
num_vsnodes_births: 17.
num_vsnodes_deaths: 0.
num_space_committed: 2339.
num_space_uncommitted: 124.
num_chunks_returned_to_freelist: 329.
num_chunks_taken_from_freelist: 8040.
num_chunk_merges: 153.
num_chunk_splits: 5266.
num_chunks_enlarged: 3390.
num_purges: 2.
num_inconsistent_stats: 0.

CodeHeap 'non-profiled nmethods': size=120000Kb used=11762Kb max_used=12059Kb free=108238Kb
 bounds [0x0000022392ba0000, 0x0000022393780000, 0x000002239a0d0000]
CodeHeap 'profiled nmethods': size=120000Kb used=32316Kb max_used=32664Kb free=87683Kb
 bounds [0x000002238b0d0000, 0x000002238d0d0000, 0x0000022392600000]
CodeHeap 'non-nmethods': size=5760Kb used=2473Kb max_used=2520Kb free=3286Kb
 bounds [0x0000022392600000, 0x0000022392880000, 0x0000022392ba0000]
 total_blobs=17709 nmethods=16694 adapters=926
 compilation: enabled
              stopped_count=0, restarted_count=0
 full_count=0

Compilation events (20 events):
Event: 191.762 Thread 0x00000223a1bad090 nmethod 20611 0x0000022393397810 code [0x0000022393397a20, 0x0000022393398508]
Event: 191.762 Thread 0x00000223a1bad090 20612       4       org.gradle.api.internal.artifacts.DefaultModuleVersionIdentifier::getName (10 bytes)
Event: 191.763 Thread 0x00000223a1bad090 nmethod 20612 0x0000022393150510 code [0x0000022393150680, 0x0000022393150738]
Event: 191.763 Thread 0x00000223a1bad090 20605       4       org.gradle.internal.component.model.AttributeMatchingExplanationBuilder::logging (4 bytes)
Event: 191.764 Thread 0x00000223a1bad090 nmethod 20605 0x00000223932da090 code [0x00000223932da220, 0x00000223932da2f8]
Event: 191.764 Thread 0x00000223a1bad090 20606       4       org.gradle.internal.component.model.LoggingAttributeMatchingExplanationBuilder::logging (19 bytes)
Event: 191.764 Thread 0x00000223a1bad090 nmethod 20606 0x00000223932d9c90 code [0x00000223932d9e20, 0x00000223932d9ef8]
Event: 191.765 Thread 0x00000223a1bad090 20603       4       org.gradle.internal.component.model.AttributeConfigurationSelector::selectVariantsUsingAttributeMatching (13 bytes)
Event: 191.766 Thread 0x00000223a1bad090 nmethod 20603 0x00000223932d9790 code [0x00000223932d9920, 0x00000223932d9a48]
Event: 191.772 Thread 0x00000223a1badd60 20631       3       com.google.common.collect.AbstractMapBasedMultimap$WrappedCollection::removeIfEmpty (47 bytes)
Event: 191.772 Thread 0x00000223a1badd60 nmethod 20631 0x000002238cf36b10 code [0x000002238cf36ce0, 0x000002238cf37108]
Event: 191.772 Thread 0x00000223a1badd60 20632       3       com.google.common.collect.AbstractMapBasedMultimap::access$210 (12 bytes)
Event: 191.772 Thread 0x00000223a1badd60 nmethod 20632 0x000002238bdef810 code [0x000002238bdef9a0, 0x000002238bdefa98]
Event: 191.772 Thread 0x00000223a1badd60 20633       1       com.google.common.collect.AbstractMapBasedMultimap$WrappedCollection::getDelegate (5 bytes)
Event: 191.772 Thread 0x00000223a1badd60 nmethod 20633 0x00000223932d9490 code [0x00000223932d9620, 0x00000223932d96f8]
Event: 191.796 Thread 0x00000223a1bad090 20634       4       org.jetbrains.kotlin.gradle.internal.kapt.incremental.ClasspathEntryData::readObject (422 bytes)
Event: 191.802 Thread 0x00000223aac46f70 nmethod 20570 0x0000022393766e10 code [0x00000223937675c0, 0x000002239376d130]
Event: 191.812 Thread 0x00000223aac46f70 20635       4       java.io.ObjectInputStream$HandleTable::finish (111 bytes)
Event: 191.815 Thread 0x00000223aac46f70 nmethod 20635 0x00000223932d8e10 code [0x00000223932d8f80, 0x00000223932d9158]
Event: 191.839 Thread 0x00000223aac46f70 20636       4       org.gradle.api.internal.artifacts.transform.AbstractTransformedArtifactSet::visit (104 bytes)

GC Heap History (20 events):
Event: 187.690 GC heap before
{Heap before GC invocations=98 (full 0):
 garbage-first heap   total 253952K, used 233425K [0x0000000080000000, 0x0000000100000000)
  region size 1024K, 12 young (12288K), 1 survivors (1024K)
 Metaspace       used 136574K, committed 137728K, reserved 1171456K
  class space    used 18266K, committed 18816K, reserved 1048576K
}
Event: 187.691 GC heap after
{Heap after GC invocations=99 (full 0):
 garbage-first heap   total 253952K, used 222310K [0x0000000080000000, 0x0000000100000000)
  region size 1024K, 1 young (1024K), 1 survivors (1024K)
 Metaspace       used 136574K, committed 137728K, reserved 1171456K
  class space    used 18266K, committed 18816K, reserved 1048576K
}
Event: 187.783 GC heap before
{Heap before GC invocations=99 (full 0):
 garbage-first heap   total 253952K, used 232550K [0x0000000080000000, 0x0000000100000000)
  region size 1024K, 12 young (12288K), 1 survivors (1024K)
 Metaspace       used 137704K, committed 138816K, reserved 1171456K
  class space    used 18421K, committed 18944K, reserved 1048576K
}
Event: 187.786 GC heap after
{Heap after GC invocations=100 (full 0):
 garbage-first heap   total 253952K, used 222703K [0x0000000080000000, 0x0000000100000000)
  region size 1024K, 1 young (1024K), 1 survivors (1024K)
 Metaspace       used 137704K, committed 138816K, reserved 1171456K
  class space    used 18421K, committed 18944K, reserved 1048576K
}
Event: 187.899 GC heap before
{Heap before GC invocations=100 (full 0):
 garbage-first heap   total 253952K, used 232943K [0x0000000080000000, 0x0000000100000000)
  region size 1024K, 12 young (12288K), 1 survivors (1024K)
 Metaspace       used 138853K, committed 140032K, reserved 1171456K
  class space    used 18578K, committed 19136K, reserved 1048576K
}
Event: 187.901 GC heap after
{Heap after GC invocations=101 (full 0):
 garbage-first heap   total 253952K, used 223118K [0x0000000080000000, 0x0000000100000000)
  region size 1024K, 2 young (2048K), 2 survivors (2048K)
 Metaspace       used 138853K, committed 140032K, reserved 1171456K
  class space    used 18578K, committed 19136K, reserved 1048576K
}
Event: 188.012 GC heap before
{Heap before GC invocations=101 (full 0):
 garbage-first heap   total 253952K, used 233358K [0x0000000080000000, 0x0000000100000000)
  region size 1024K, 12 young (12288K), 2 survivors (2048K)
 Metaspace       used 140079K, committed 141184K, reserved 1171456K
  class space    used 18741K, committed 19264K, reserved 1048576K
}
Event: 188.014 GC heap after
{Heap after GC invocations=102 (full 0):
 garbage-first heap   total 253952K, used 223208K [0x0000000080000000, 0x0000000100000000)
  region size 1024K, 2 young (2048K), 2 survivors (2048K)
 Metaspace       used 140079K, committed 141184K, reserved 1171456K
  class space    used 18741K, committed 19264K, reserved 1048576K
}
Event: 188.136 GC heap before
{Heap before GC invocations=102 (full 0):
 garbage-first heap   total 253952K, used 232424K [0x0000000080000000, 0x0000000100000000)
  region size 1024K, 12 young (12288K), 2 survivors (2048K)
 Metaspace       used 141215K, committed 142336K, reserved 1179648K
  class space    used 18915K, committed 19456K, reserved 1048576K
}
Event: 188.138 GC heap after
{Heap after GC invocations=103 (full 0):
 garbage-first heap   total 253952K, used 223435K [0x0000000080000000, 0x0000000100000000)
  region size 1024K, 2 young (2048K), 2 survivors (2048K)
 Metaspace       used 141215K, committed 142336K, reserved 1179648K
  class space    used 18915K, committed 19456K, reserved 1048576K
}
Event: 188.246 GC heap before
{Heap before GC invocations=103 (full 0):
 garbage-first heap   total 253952K, used 233675K [0x0000000080000000, 0x0000000100000000)
  region size 1024K, 12 young (12288K), 2 survivors (2048K)
 Metaspace       used 142502K, committed 143616K, reserved 1179648K
  class space    used 19087K, committed 19648K, reserved 1048576K
}
Event: 188.247 GC heap after
{Heap after GC invocations=104 (full 0):
 garbage-first heap   total 253952K, used 223679K [0x0000000080000000, 0x0000000100000000)
  region size 1024K, 1 young (1024K), 1 survivors (1024K)
 Metaspace       used 142502K, committed 143616K, reserved 1179648K
  class space    used 19087K, committed 19648K, reserved 1048576K
}
Event: 188.262 GC heap before
{Heap before GC invocations=104 (full 0):
 garbage-first heap   total 253952K, used 223679K [0x0000000080000000, 0x0000000100000000)
  region size 1024K, 3 young (3072K), 1 survivors (1024K)
 Metaspace       used 142707K, committed 143808K, reserved 1179648K
  class space    used 19134K, committed 19648K, reserved 1048576K
}
Event: 188.264 GC heap after
{Heap after GC invocations=105 (full 0):
 garbage-first heap   total 253952K, used 223641K [0x0000000080000000, 0x0000000100000000)
  region size 1024K, 1 young (1024K), 1 survivors (1024K)
 Metaspace       used 142707K, committed 143808K, reserved 1179648K
  class space    used 19134K, committed 19648K, reserved 1048576K
}
Event: 188.369 GC heap before
{Heap before GC invocations=105 (full 0):
 garbage-first heap   total 253952K, used 233881K [0x0000000080000000, 0x0000000100000000)
  region size 1024K, 12 young (12288K), 1 survivors (1024K)
 Metaspace       used 143829K, committed 144896K, reserved 1179648K
  class space    used 19260K, committed 19776K, reserved 1048576K
}
Event: 188.372 GC heap after
{Heap after GC invocations=106 (full 0):
 garbage-first heap   total 351232K, used 223947K [0x0000000080000000, 0x0000000100000000)
  region size 1024K, 2 young (2048K), 2 survivors (2048K)
 Metaspace       used 143829K, committed 144896K, reserved 1179648K
  class space    used 19260K, committed 19776K, reserved 1048576K
}
Event: 191.827 GC heap before
{Heap before GC invocations=107 (full 0):
 garbage-first heap   total 377856K, used 297675K [0x0000000080000000, 0x0000000100000000)
  region size 1024K, 78 young (79872K), 2 survivors (2048K)
 Metaspace       used 140454K, committed 141632K, reserved 1179648K
  class space    used 19102K, committed 19712K, reserved 1048576K
}
Event: 191.835 GC heap after
{Heap after GC invocations=108 (full 0):
 garbage-first heap   total 377856K, used 231738K [0x0000000080000000, 0x0000000100000000)
  region size 1024K, 10 young (10240K), 10 survivors (10240K)
 Metaspace       used 140454K, committed 141632K, reserved 1179648K
  class space    used 19102K, committed 19712K, reserved 1048576K
}
Event: 191.912 GC heap before
{Heap before GC invocations=108 (full 0):
 garbage-first heap   total 377856K, used 238906K [0x0000000080000000, 0x0000000100000000)
  region size 1024K, 18 young (18432K), 10 survivors (10240K)
 Metaspace       used 140456K, committed 141632K, reserved 1179648K
  class space    used 19103K, committed 19712K, reserved 1048576K
}
Event: 191.924 GC heap after
{Heap after GC invocations=109 (full 0):
 garbage-first heap   total 377856K, used 198463K [0x0000000080000000, 0x0000000100000000)
  region size 1024K, 3 young (3072K), 3 survivors (3072K)
 Metaspace       used 140456K, committed 141632K, reserved 1179648K
  class space    used 19103K, committed 19712K, reserved 1048576K
}

Dll operation events (3 events):
Event: 0.019 Loaded shared library C:\Program Files\Android\Android Studio\jbr\bin\java.dll
Event: 0.125 Loaded shared library C:\Program Files\Android\Android Studio\jbr\bin\zip.dll
Event: 0.473 Loaded shared library C:\Program Files\Android\Android Studio\jbr\bin\verify.dll

Deoptimization events (20 events):
Event: 191.811 Thread 0x00000223af1b7ff0 DEOPT PACKING pc=0x000002238cd6c623 sp=0x000000f0aebf9ba0
Event: 191.811 Thread 0x00000223af1b7ff0 DEOPT UNPACKING pc=0x000002239265ace3 sp=0x000000f0aebf9180 mode 0
Event: 191.813 Thread 0x00000223af1b7ff0 DEOPT PACKING pc=0x000002238cd6c623 sp=0x000000f0aebf9ba0
Event: 191.813 Thread 0x00000223af1b7ff0 DEOPT UNPACKING pc=0x000002239265ace3 sp=0x000000f0aebf9180 mode 0
Event: 191.816 Thread 0x00000223af1b7ff0 DEOPT PACKING pc=0x000002238cd6c623 sp=0x000000f0aebf9ba0
Event: 191.816 Thread 0x00000223af1b7ff0 DEOPT UNPACKING pc=0x000002239265ace3 sp=0x000000f0aebf9180 mode 0
Event: 191.824 Thread 0x00000223af1b7ff0 DEOPT PACKING pc=0x000002238cd6c623 sp=0x000000f0aebf9ba0
Event: 191.824 Thread 0x00000223af1b7ff0 DEOPT UNPACKING pc=0x000002239265ace3 sp=0x000000f0aebf9180 mode 0
Event: 191.826 Thread 0x00000223af1b7ff0 DEOPT PACKING pc=0x000002238cd6c623 sp=0x000000f0aebf9ba0
Event: 191.826 Thread 0x00000223af1b7ff0 DEOPT UNPACKING pc=0x000002239265ace3 sp=0x000000f0aebf9180 mode 0
Event: 191.836 Thread 0x00000223af1b7ff0 DEOPT PACKING pc=0x000002238cd6c623 sp=0x000000f0aebf9ba0
Event: 191.836 Thread 0x00000223af1b7ff0 DEOPT UNPACKING pc=0x000002239265ace3 sp=0x000000f0aebf9180 mode 0
Event: 191.837 Thread 0x00000223af1b7ff0 DEOPT PACKING pc=0x000002238cd6c623 sp=0x000000f0aebf9ba0
Event: 191.837 Thread 0x00000223af1b7ff0 DEOPT UNPACKING pc=0x000002239265ace3 sp=0x000000f0aebf9180 mode 0
Event: 191.838 Thread 0x00000223af1b7ff0 DEOPT PACKING pc=0x000002238cd6c623 sp=0x000000f0aebf9ba0
Event: 191.838 Thread 0x00000223af1b7ff0 DEOPT UNPACKING pc=0x000002239265ace3 sp=0x000000f0aebf9180 mode 0
Event: 191.843 Thread 0x00000223af1b7ff0 Uncommon trap: trap_request=0xffffff45 fr.pc=0x0000022393723dbc relative=0x000000000000021c
Event: 191.843 Thread 0x00000223af1b7ff0 Uncommon trap: reason=unstable_if action=reinterpret pc=0x0000022393723dbc method=jdk.internal.util.ArraysSupport.mismatch([B[BI)I @ 14 c2
Event: 191.843 Thread 0x00000223af1b7ff0 DEOPT PACKING pc=0x0000022393723dbc sp=0x000000f0aebfac30
Event: 191.843 Thread 0x00000223af1b7ff0 DEOPT UNPACKING pc=0x000002239265a1a3 sp=0x000000f0aebfab78 mode 2

Classes unloaded (20 events):
Event: 188.426 Thread 0x00000223a1b4c400 Unloading class 0x0000000101046000 'kotlin/KotlinNullPointerException'
Event: 188.426 Thread 0x00000223a1b4c400 Unloading class 0x0000000101045bd0 'kotlin/jvm/internal/Intrinsics'
Event: 188.426 Thread 0x00000223a1b4c400 Unloading class 0x00000001010459a8 'dagger/spi/shaded/androidx/room/compiler/processing/XProcessingEnvConfig$Companion'
Event: 188.426 Thread 0x00000223a1b4c400 Unloading class 0x0000000101045780 'dagger/spi/shaded/androidx/room/compiler/processing/XProcessingEnvConfig'
Event: 188.426 Thread 0x00000223a1b4c400 Unloading class 0x0000000101045550 'dagger/spi/shaded/androidx/room/compiler/processing/XProcessingEnvConfig$Builder'
Event: 188.426 Thread 0x00000223a1b4c400 Unloading class 0x0000000101044d60 'dagger/hilt/processor/internal/HiltProcessingEnvConfigs'
Event: 188.426 Thread 0x00000223a1b4c400 Unloading class 0x00000001010452a8 'dagger/hilt/processor/internal/uninstallmodules/UninstallModulesProcessingStep'
Event: 188.426 Thread 0x00000223a1b4c400 Unloading class 0x0000000101045000 'dagger/hilt/processor/internal/BaseProcessingStep'
Event: 188.426 Thread 0x00000223a1b4c400 Unloading class 0x0000000101044b40 'dagger/spi/shaded/androidx/room/compiler/processing/XProcessingStep'
Event: 188.426 Thread 0x00000223a1b4c400 Unloading class 0x0000000101044830 'dagger/hilt/processor/internal/uninstallmodules/UninstallModulesProcessor'
Event: 188.426 Thread 0x00000223a1b4c400 Unloading class 0x0000000101044520 'dagger/hilt/processor/internal/JavacBaseProcessingStepProcessor'
Event: 188.426 Thread 0x00000223a1b4c400 Unloading class 0x0000000101044220 'dagger/spi/shaded/androidx/room/compiler/processing/javac/JavacBasicAnnotationProcessor'
Event: 188.426 Thread 0x00000223a1b4c400 Unloading class 0x0000000101044000 'dagger/spi/shaded/androidx/room/compiler/processing/XBasicAnnotationProcessor'
Event: 188.426 Thread 0x00000223a1b4c400 Unloading class 0x0000000100e5dc00 'java/lang/invoke/LambdaForm$DMH+0x0000000100e5dc00'
Event: 188.426 Thread 0x00000223a1b4c400 Unloading class 0x0000000100e5d400 'java/lang/invoke/LambdaForm$DMH+0x0000000100e5d400'
Event: 188.426 Thread 0x00000223a1b4c400 Unloading class 0x0000000100e5d800 'java/lang/invoke/LambdaForm$DMH+0x0000000100e5d800'
Event: 188.426 Thread 0x00000223a1b4c400 Unloading class 0x0000000100e5cc00 'java/lang/invoke/LambdaForm$DMH+0x0000000100e5cc00'
Event: 188.426 Thread 0x00000223a1b4c400 Unloading class 0x0000000100e5d000 'java/lang/invoke/LambdaForm$DMH+0x0000000100e5d000'
Event: 188.426 Thread 0x00000223a1b4c400 Unloading class 0x0000000100e5c800 'java/lang/invoke/LambdaForm$DMH+0x0000000100e5c800'
Event: 188.426 Thread 0x00000223a1b4c400 Unloading class 0x0000000100e5c000 'java/lang/invoke/LambdaForm$DMH+0x0000000100e5c000'

Classes redefined (0 events):
No events

Internal exceptions (20 events):
Event: 188.739 Thread 0x00000223aa9b97b0 Exception <a 'java/lang/NoSuchMethodError'{0x00000000962301a8}: 'int java.lang.invoke.DirectMethodHandle$Holder.invokeSpecial(java.lang.Object, java.lang.Object, java.lang.Object, int, java.lang.Object)'> (0x00000000962301a8) 
thrown [s\src\hotspot\share\interpreter\linkResolver.cpp, line 771]
Event: 188.764 Thread 0x00000223aa9b97b0 Exception <a 'java/lang/NoSuchMethodError'{0x00000000960152e0}: 'int java.lang.invoke.DirectMethodHandle$Holder.invokeSpecial(java.lang.Object, java.lang.Object, java.lang.Object, int)'> (0x00000000960152e0) 
thrown [s\src\hotspot\share\interpreter\linkResolver.cpp, line 771]
Event: 189.047 Thread 0x00000223aa9b97b0 Exception <a 'java/lang/NoSuchMethodError'{0x0000000094fc1cf0}: 'java.lang.Object java.lang.invoke.DirectMethodHandle$Holder.newInvokeSpecial(java.lang.Object, java.lang.Object, int, java.lang.Object, java.lang.Object, java.lang.Object)'> (0x0000000094fc1cf0) 
thrown [s\src\hotspot\share\interpreter\linkResolver.cpp, line 771]
Event: 189.047 Thread 0x00000223aa9b97b0 Exception <a 'java/lang/NoSuchMethodError'{0x0000000094fc9f60}: 'java.lang.Object java.lang.invoke.Invokers$Holder.linkToTargetMethod(java.lang.Object, int, java.lang.Object, java.lang.Object, java.lang.Object, java.lang.Object)'> (0x0000000094fc9f60) 
thrown [s\src\hotspot\share\interpreter\linkResolver.cpp, line 771]
Event: 189.048 Thread 0x00000223aa9b97b0 Exception <a 'java/lang/NoSuchMethodError'{0x0000000094fce790}: 'void java.lang.invoke.DirectMethodHandle$Holder.invokeSpecial(java.lang.Object, java.lang.Object, java.lang.Object, int, java.lang.Object, java.lang.Object, java.lang.Object, java.lang.Object)'> (0x0000000094fce790) 
thrown [s\src\hotspot\share\interpreter\linkResolver.cpp, line 771]
Event: 189.051 Thread 0x00000223aa9b97b0 Exception <a 'java/lang/NoSuchMethodError'{0x0000000094ffb258}: 'void java.lang.invoke.DirectMethodHandle$Holder.invokeStatic(java.lang.Object, java.lang.Object, java.lang.Object, java.lang.Object, java.lang.Object, java.lang.Object, java.lang.Object, java.lang.Object)'> (0x0000000094ffb258) 
thrown [s\src\hotspot\share\interpreter\linkResolver.cpp, line 771]
Event: 189.131 Thread 0x00000223aa9b97b0 Exception <a 'java/lang/IncompatibleClassChangeError'{0x0000000094812f08}: Found class java.lang.Object, but interface was expected> (0x0000000094812f08) 
thrown [s\src\hotspot\share\interpreter\linkResolver.cpp, line 838]
Event: 189.197 Thread 0x00000223aa9b97b0 Exception <a 'sun/nio/fs/WindowsException'{0x00000000945a6bb0}> (0x00000000945a6bb0) 
thrown [s\src\hotspot\share\prims\jni.cpp, line 517]
Event: 189.211 Thread 0x00000223aa9b97b0 Exception <a 'sun/nio/fs/WindowsException'{0x0000000094409710}> (0x0000000094409710) 
thrown [s\src\hotspot\share\prims\jni.cpp, line 517]
Event: 189.228 Thread 0x00000223aa9b97b0 Exception <a 'sun/nio/fs/WindowsException'{0x0000000094450250}> (0x0000000094450250) 
thrown [s\src\hotspot\share\prims\jni.cpp, line 517]
Event: 189.244 Thread 0x00000223aa9b97b0 Exception <a 'sun/nio/fs/WindowsException'{0x0000000094456c20}> (0x0000000094456c20) 
thrown [s\src\hotspot\share\prims\jni.cpp, line 517]
Event: 189.271 Thread 0x00000223aa9b97b0 Exception <a 'sun/nio/fs/WindowsException'{0x000000009445cef0}> (0x000000009445cef0) 
thrown [s\src\hotspot\share\prims\jni.cpp, line 517]
Event: 189.284 Thread 0x00000223aa9b97b0 Exception <a 'sun/nio/fs/WindowsException'{0x0000000094465390}> (0x0000000094465390) 
thrown [s\src\hotspot\share\prims\jni.cpp, line 517]
Event: 189.294 Thread 0x00000223aa9b97b0 Exception <a 'sun/nio/fs/WindowsException'{0x000000009446e810}> (0x000000009446e810) 
thrown [s\src\hotspot\share\prims\jni.cpp, line 517]
Event: 189.306 Thread 0x00000223aa9b97b0 Exception <a 'sun/nio/fs/WindowsException'{0x0000000094475048}> (0x0000000094475048) 
thrown [s\src\hotspot\share\prims\jni.cpp, line 517]
Event: 189.314 Thread 0x00000223aa9b97b0 Exception <a 'sun/nio/fs/WindowsException'{0x000000009447d2f8}> (0x000000009447d2f8) 
thrown [s\src\hotspot\share\prims\jni.cpp, line 517]
Event: 189.322 Thread 0x00000223aa9b97b0 Exception <a 'sun/nio/fs/WindowsException'{0x00000000943c46a8}> (0x00000000943c46a8) 
thrown [s\src\hotspot\share\prims\jni.cpp, line 517]
Event: 189.331 Thread 0x00000223aa9b97b0 Exception <a 'sun/nio/fs/WindowsException'{0x00000000943e3280}> (0x00000000943e3280) 
thrown [s\src\hotspot\share\prims\jni.cpp, line 517]
Event: 189.339 Thread 0x00000223aa9b97b0 Exception <a 'sun/nio/fs/WindowsException'{0x00000000943eb830}> (0x00000000943eb830) 
thrown [s\src\hotspot\share\prims\jni.cpp, line 517]
Event: 189.347 Thread 0x00000223aa9b97b0 Exception <a 'sun/nio/fs/WindowsException'{0x00000000943f20b0}> (0x00000000943f20b0) 
thrown [s\src\hotspot\share\prims\jni.cpp, line 517]

VM Operations (20 events):
Event: 188.924 Executing VM operation: ICBufferFull
Event: 188.925 Executing VM operation: ICBufferFull done
Event: 188.946 Executing VM operation: HandshakeAllThreads
Event: 188.947 Executing VM operation: HandshakeAllThreads done
Event: 188.947 Executing VM operation: HandshakeAllThreads
Event: 188.947 Executing VM operation: HandshakeAllThreads done
Event: 189.134 Executing VM operation: HandshakeAllThreads
Event: 189.135 Executing VM operation: HandshakeAllThreads done
Event: 189.193 Executing VM operation: HandshakeAllThreads
Event: 189.193 Executing VM operation: HandshakeAllThreads done
Event: 189.346 Executing VM operation: ICBufferFull
Event: 189.347 Executing VM operation: ICBufferFull done
Event: 190.347 Executing VM operation: Cleanup
Event: 190.347 Executing VM operation: Cleanup done
Event: 191.347 Executing VM operation: Cleanup
Event: 191.347 Executing VM operation: Cleanup done
Event: 191.827 Executing VM operation: G1CollectForAllocation
Event: 191.835 Executing VM operation: G1CollectForAllocation done
Event: 191.912 Executing VM operation: G1CollectForAllocation
Event: 191.924 Executing VM operation: G1CollectForAllocation done

Events (20 events):
Event: 189.154 loading class java/nio/ShortBuffer
Event: 189.155 loading class java/nio/ShortBuffer done
Event: 189.174 loading class java/nio/ByteBufferAsShortBufferL
Event: 189.174 loading class java/nio/ByteBufferAsShortBufferL done
Event: 189.190 loading class java/util/zip/Adler32
Event: 189.190 loading class java/util/zip/Adler32 done
Event: 190.159 loading class java/rmi/server/Unreferenced
Event: 190.159 loading class java/rmi/server/Unreferenced done
Event: 190.338 Thread 0x00000223ae597460 Thread exited: 0x00000223ae597460
Event: 191.465 Thread 0x00000223a3f8b980 Thread added: 0x00000223a3f8b980
Event: 191.465 Thread 0x00000223aafcc610 Thread added: 0x00000223aafcc610
Event: 191.466 Thread 0x00000223aafcd950 Thread added: 0x00000223aafcd950
Event: 191.466 Thread 0x00000223aafcb2d0 Thread added: 0x00000223aafcb2d0
Event: 191.466 Thread 0x00000223aafcde20 Thread added: 0x00000223aafcde20
Event: 191.466 Thread 0x00000223aafcbc70 Thread added: 0x00000223aafcbc70
Event: 191.466 Thread 0x00000223aafccfb0 Thread added: 0x00000223aafccfb0
Event: 191.472 Thread 0x00000223aac46f70 Thread added: 0x00000223aac46f70
Event: 191.502 loading class jdk/internal/reflect/UnsafeQualifiedStaticIntegerFieldAccessorImpl
Event: 191.502 loading class jdk/internal/reflect/UnsafeQualifiedStaticIntegerFieldAccessorImpl done
Event: 191.839 Thread 0x00000223ae583c00 Thread exited: 0x00000223ae583c00


Dynamic libraries:
0x00007ff665640000 - 0x00007ff66564a000 	C:\Program Files\Android\Android Studio\jbr\bin\java.exe
0x00007ffef6df0000 - 0x00007ffef6fe8000 	C:\WINDOWS\SYSTEM32\ntdll.dll
0x00007ffef6a60000 - 0x00007ffef6b1d000 	C:\WINDOWS\System32\KERNEL32.DLL
0x00007ffef48e0000 - 0x00007ffef4bd6000 	C:\WINDOWS\System32\KERNELBASE.dll
0x00007ffef47e0000 - 0x00007ffef48e0000 	C:\WINDOWS\System32\ucrtbase.dll
0x00007ffde4950000 - 0x00007ffde496b000 	C:\Program Files\Android\Android Studio\jbr\bin\VCRUNTIME140.dll
0x00007ffe23800000 - 0x00007ffe23817000 	C:\Program Files\Android\Android Studio\jbr\bin\jli.dll
0x00007ffef6860000 - 0x00007ffef69fe000 	C:\WINDOWS\System32\USER32.dll
0x00007ffef44b0000 - 0x00007ffef44d2000 	C:\WINDOWS\System32\win32u.dll
0x00007ffef5900000 - 0x00007ffef592b000 	C:\WINDOWS\System32\GDI32.dll
0x00007ffef4be0000 - 0x00007ffef4cf7000 	C:\WINDOWS\System32\gdi32full.dll
0x00007ffef4640000 - 0x00007ffef46dd000 	C:\WINDOWS\System32\msvcp_win.dll
0x00007ffee17e0000 - 0x00007ffee1a7a000 	C:\WINDOWS\WinSxS\amd64_microsoft.windows.common-controls_6595b64144ccf1df_6.0.19041.3636_none_60b6a03d71f818d5\COMCTL32.dll
0x00007ffef6100000 - 0x00007ffef619e000 	C:\WINDOWS\System32\msvcrt.dll
0x00007ffef4fc0000 - 0x00007ffef4ff2000 	C:\WINDOWS\System32\IMM32.DLL
0x00007ffed8540000 - 0x00007ffed869a000 	C:\WINDOWS\system32\tmumh\20019\AddOn\8.55.0.1333\TmUmEvt64.dll
0x00007ffef6d30000 - 0x00007ffef6d38000 	C:\WINDOWS\System32\PSAPI.DLL
0x00007ffef5090000 - 0x00007ffef5143000 	C:\WINDOWS\System32\ADVAPI32.dll
0x00007ffef5b10000 - 0x00007ffef5baf000 	C:\WINDOWS\System32\sechost.dll
0x00007ffef6610000 - 0x00007ffef6736000 	C:\WINDOWS\System32\RPCRT4.dll
0x00007ffef4db0000 - 0x00007ffef4dd7000 	C:\WINDOWS\System32\bcrypt.dll
0x000000006ffd0000 - 0x00000000700f5000 	C:\WINDOWS\system32\tmumh\20019\TmMon\2.9.0.1217\tmmon64.dll
0x00007ffed3960000 - 0x00007ffed3c9a000 	C:\WINDOWS\System32\TmLWE\TmUmSnsr64\1.0.0.1157\TmUmSnsr64.dll
0x00007ffef2050000 - 0x00007ffef2062000 	C:\WINDOWS\SYSTEM32\kernel.appcore.dll
0x00007ffe681c0000 - 0x00007ffe681cc000 	C:\Program Files\Android\Android Studio\jbr\bin\vcruntime140_1.dll
0x00007ffde4710000 - 0x00007ffde479d000 	C:\Program Files\Android\Android Studio\jbr\bin\msvcp140.dll
0x00007ffdf2440000 - 0x00007ffdf30ae000 	C:\Program Files\Android\Android Studio\jbr\bin\server\jvm.dll
0x00007ffe92150000 - 0x00007ffe92159000 	C:\WINDOWS\SYSTEM32\WSOCK32.dll
0x00007ffef6d40000 - 0x00007ffef6dab000 	C:\WINDOWS\System32\WS2_32.dll
0x00007ffee4750000 - 0x00007ffee4777000 	C:\WINDOWS\SYSTEM32\WINMM.dll
0x00007ffeec650000 - 0x00007ffeec65a000 	C:\WINDOWS\SYSTEM32\VERSION.dll
0x00007ffeeb870000 - 0x00007ffeeb87a000 	C:\Program Files\Android\Android Studio\jbr\bin\jimage.dll
0x00007ffef1850000 - 0x00007ffef1a34000 	C:\WINDOWS\SYSTEM32\DBGHELP.DLL
0x00007ffed8280000 - 0x00007ffed82b4000 	C:\WINDOWS\SYSTEM32\dbgcore.DLL
0x0000022387340000 - 0x00000223873c2000 	C:\WINDOWS\System32\bcryptPrimitives.dll
0x00007ffea61e0000 - 0x00007ffea61ee000 	C:\Program Files\Android\Android Studio\jbr\bin\instrument.dll
0x00007ffeb0d00000 - 0x00007ffeb0d25000 	C:\Program Files\Android\Android Studio\jbr\bin\java.dll
0x00007ffea94c0000 - 0x00007ffea94d8000 	C:\Program Files\Android\Android Studio\jbr\bin\zip.dll
0x00007ffef5150000 - 0x00007ffef5895000 	C:\WINDOWS\System32\SHELL32.dll
0x00007ffef22b0000 - 0x00007ffef2a4c000 	C:\WINDOWS\SYSTEM32\windows.storage.dll
0x00007ffef62b0000 - 0x00007ffef6604000 	C:\WINDOWS\System32\combase.dll
0x00007ffef3ee0000 - 0x00007ffef3f0e000 	C:\WINDOWS\SYSTEM32\Wldp.dll
0x00007ffef5bb0000 - 0x00007ffef5c7d000 	C:\WINDOWS\System32\OLEAUT32.dll
0x00007ffef61a0000 - 0x00007ffef624d000 	C:\WINDOWS\System32\SHCORE.dll
0x00007ffef6250000 - 0x00007ffef62a5000 	C:\WINDOWS\System32\shlwapi.dll
0x00007ffef43e0000 - 0x00007ffef4405000 	C:\WINDOWS\SYSTEM32\profapi.dll
0x00007ffea6270000 - 0x00007ffea6289000 	C:\Program Files\Android\Android Studio\jbr\bin\net.dll
0x00007ffef3480000 - 0x00007ffef358a000 	C:\WINDOWS\SYSTEM32\WINHTTP.dll
0x00007ffef3c40000 - 0x00007ffef3caa000 	C:\WINDOWS\system32\mswsock.dll
0x00007ffe91960000 - 0x00007ffe91976000 	C:\Program Files\Android\Android Studio\jbr\bin\nio.dll
0x00007ffeba500000 - 0x00007ffeba510000 	C:\Program Files\Android\Android Studio\jbr\bin\verify.dll
0x00007ffdedf10000 - 0x00007ffdedf37000 	C:\Users\dfabijanic\.gradle\native\68d5fa5c4cc2d200863cafc0d521ce42e7d3e7ee720ec0a83991735586a16f82\windows-amd64\native-platform.dll
0x00007ffde3f70000 - 0x00007ffde40b4000 	C:\Users\dfabijanic\.gradle\native\e376f236ea51e6404a007f0833ffe2c6e607c4080706a723a18a27aeea778392\windows-amd64\native-platform-file-events.dll
0x00007ffeb09c0000 - 0x00007ffeb09c9000 	C:\Program Files\Android\Android Studio\jbr\bin\management.dll
0x00007ffea6260000 - 0x00007ffea626b000 	C:\Program Files\Android\Android Studio\jbr\bin\management_ext.dll
0x00007ffef3e30000 - 0x00007ffef3e48000 	C:\WINDOWS\SYSTEM32\CRYPTSP.dll
0x00007ffef33f0000 - 0x00007ffef3424000 	C:\WINDOWS\system32\rsaenh.dll
0x00007ffef4360000 - 0x00007ffef438e000 	C:\WINDOWS\SYSTEM32\USERENV.dll
0x00007ffef3e50000 - 0x00007ffef3e5c000 	C:\WINDOWS\SYSTEM32\CRYPTBASE.dll
0x00007ffef38e0000 - 0x00007ffef391b000 	C:\WINDOWS\SYSTEM32\IPHLPAPI.DLL
0x00007ffef5ae0000 - 0x00007ffef5ae8000 	C:\WINDOWS\System32\NSI.dll
0x00007ffeee490000 - 0x00007ffeee4a7000 	C:\WINDOWS\SYSTEM32\dhcpcsvc6.DLL
0x00007ffeee470000 - 0x00007ffeee48d000 	C:\WINDOWS\SYSTEM32\dhcpcsvc.DLL
0x00007ffef3920000 - 0x00007ffef39eb000 	C:\WINDOWS\SYSTEM32\DNSAPI.dll
0x00007ffea3a20000 - 0x00007ffea3a27000 	C:\WINDOWS\system32\wshunix.dll
0x00007ffeb4920000 - 0x00007ffeb4937000 	C:\WINDOWS\system32\napinsp.dll
0x00007ffeb4900000 - 0x00007ffeb491b000 	C:\WINDOWS\system32\pnrpnsp.dll
0x00007ffeeeb40000 - 0x00007ffeeeb55000 	C:\WINDOWS\system32\wshbth.dll
0x00007ffef1150000 - 0x00007ffef116d000 	C:\WINDOWS\system32\NLAapi.dll
0x00007ffeb48e0000 - 0x00007ffeb48f2000 	C:\WINDOWS\System32\winrnr.dll
0x00007ffeec640000 - 0x00007ffeec64a000 	C:\Windows\System32\rasadhlp.dll
0x00007ffeee7b0000 - 0x00007ffeee830000 	C:\WINDOWS\System32\fwpuclnt.dll
0x00007ffeb0b20000 - 0x00007ffeb0b3e000 	C:\Users\dfabijanic\AppData\Local\Temp\native-platform7066111778179902399dir\native-platform.dll
0x00007ffeb0cd0000 - 0x00007ffeb0cd7000 	C:\Program Files\Android\Android Studio\jbr\bin\rmi.dll
0x00007ffef3640000 - 0x00007ffef3673000 	C:\WINDOWS\SYSTEM32\ntmarta.dll

dbghelp: loaded successfully - version: 4.0.5 - missing functions: none
symbol engine: initialized successfully - sym options: 0x614 - pdb path: .;C:\Program Files\Android\Android Studio\jbr\bin;C:\WINDOWS\SYSTEM32;C:\WINDOWS\WinSxS\amd64_microsoft.windows.common-controls_6595b64144ccf1df_6.0.19041.3636_none_60b6a03d71f818d5;C:\WINDOWS\system32\tmumh\20019\AddOn\8.55.0.1333;C:\WINDOWS\system32\tmumh\20019\TmMon\2.9.0.1217;C:\WINDOWS\System32\TmLWE\TmUmSnsr64\1.0.0.1157;C:\Program Files\Android\Android Studio\jbr\bin\server;C:\Users\dfabijanic\.gradle\native\68d5fa5c4cc2d200863cafc0d521ce42e7d3e7ee720ec0a83991735586a16f82\windows-amd64;C:\Users\dfabijanic\.gradle\native\e376f236ea51e6404a007f0833ffe2c6e607c4080706a723a18a27aeea778392\windows-amd64;C:\Users\dfabijanic\AppData\Local\Temp\native-platform7066111778179902399dir

VM Arguments:
jvm_args: --add-opens=java.base/java.util=ALL-UNNAMED --add-opens=java.base/java.lang=ALL-UNNAMED --add-opens=java.base/java.lang.invoke=ALL-UNNAMED --add-opens=java.prefs/java.util.prefs=ALL-UNNAMED --add-opens=java.base/java.nio.charset=ALL-UNNAMED --add-opens=java.base/java.net=ALL-UNNAMED --add-opens=java.base/java.util.concurrent.atomic=ALL-UNNAMED -Xmx2048m -Dfile.encoding=UTF-8 -Duser.country=US -Duser.language=en -Duser.variant -javaagent:C:\Users\dfabijanic\.gradle\wrapper\dists\gradle-8.2-bin\bbg7u40eoinfdyxsxr3z4i7ta\gradle-8.2\lib\agents\gradle-instrumentation-agent-8.2.jar 
java_command: org.gradle.launcher.daemon.bootstrap.GradleDaemon 8.2
java_class_path (initial): C:\Users\dfabijanic\.gradle\wrapper\dists\gradle-8.2-bin\bbg7u40eoinfdyxsxr3z4i7ta\gradle-8.2\lib\gradle-launcher-8.2.jar
Launcher Type: SUN_STANDARD

[Global flags]
     intx CICompilerCount                          = 4                                         {product} {ergonomic}
     uint ConcGCThreads                            = 2                                         {product} {ergonomic}
     uint G1ConcRefinementThreads                  = 8                                         {product} {ergonomic}
   size_t G1HeapRegionSize                         = 1048576                                   {product} {ergonomic}
    uintx GCDrainStackTargetSize                   = 64                                        {product} {ergonomic}
   size_t InitialHeapSize                          = 264241152                                 {product} {ergonomic}
   size_t MarkStackSize                            = 4194304                                   {product} {ergonomic}
   size_t MaxHeapSize                              = 2147483648                                {product} {command line}
   size_t MaxNewSize                               = 1287651328                                {product} {ergonomic}
   size_t MinHeapDeltaBytes                        = 1048576                                   {product} {ergonomic}
   size_t MinHeapSize                              = 8388608                                   {product} {ergonomic}
    uintx NonNMethodCodeHeapSize                   = 5839372                                {pd product} {ergonomic}
    uintx NonProfiledCodeHeapSize                  = 122909434                              {pd product} {ergonomic}
    uintx ProfiledCodeHeapSize                     = 122909434                              {pd product} {ergonomic}
    uintx ReservedCodeCacheSize                    = 251658240                              {pd product} {ergonomic}
     bool SegmentedCodeCache                       = true                                      {product} {ergonomic}
   size_t SoftMaxHeapSize                          = 2147483648                             {manageable} {ergonomic}
     bool UseCompressedClassPointers               = true                           {product lp64_product} {ergonomic}
     bool UseCompressedOops                        = true                           {product lp64_product} {ergonomic}
     bool UseG1GC                                  = true                                      {product} {ergonomic}
     bool UseLargePagesIndividualAllocation        = false                                  {pd product} {ergonomic}

Logging:
Log output configuration:
 #0: stdout all=warning uptime,level,tags
 #1: stderr all=off uptime,level,tags

Environment Variables:
PATH=C:\Program Files (x86)\Common Files\Oracle\Java\javapath;C:\WINDOWS\system32;C:\WINDOWS;C:\WINDOWS\System32\Wbem;C:\WINDOWS\System32\WindowsPowerShell\v1.0\;C:\WINDOWS\System32\OpenSSH\;C:\Program Files (x86)\HID Global\ActivClient\;C:\Program Files\HID Global\ActivClient\;C:\Program Files\SafeNet\Authentication\SAC\x64;C:\Program Files\SafeNet\Authentication\SAC\x32;C:\Program Files\Microsoft SQL Server\150\Tools\Binn\;C:\Program Files (x86)\Microsoft SQL Server\160\DTS\Binn\;C:\Program Files\Azure Data Studio\bin;C:\Program Files\TortoiseGit\bin;C:\Program Files\Git\cmd;C:\Program Files\Microsoft SQL Server\170\Tools\Binn\;C:\Program Files\Microsoft SQL Server\Client SDK\ODBC\170\Tools\Binn\;C:\Program Files (x86)\Microsoft SQL Server\150\Tools\Binn\;C:\Program Files\Microsoft SQL Server\150\DTS\Binn\;C:\Program Files\dotnet\;C:\Users\dfabijanic\AppData\Local\Microsoft\WindowsApps;C:\Users\dfabijanic\AppData\Local\Programs\Microsoft VS Code\bin;C:\Program Files\Azure Data Studio\bin;C:\msys64\ucrt64\bin;C:\Users\dfabijanic\.dotnet\tools
USERNAME=dfabijanic
OS=Windows_NT
PROCESSOR_IDENTIFIER=Intel64 Family 6 Model 140 Stepping 1, GenuineIntel
TMP=C:\Users\DFABIJ~1\AppData\Local\Temp
TEMP=C:\Users\DFABIJ~1\AppData\Local\Temp


JNI global refs:
JNI global refs: 30, weak refs: 8

JNI global refs memory usage: 843, weak refs: 841


---------------  S Y S T E M  ---------------

OS:
 Windows 10 , 64 bit Build 19041 (10.0.19041.3636)
OS uptime: 1 days 0:23 hours

CPU: total 8 (initial active 8) (4 cores per cpu, 2 threads per core) family 6 model 140 stepping 1 microcode 0xa4, cx8, cmov, fxsr, ht, mmx, 3dnowpref, sse, sse2, sse3, ssse3, sse4.1, sse4.2, popcnt, lzcnt, tsc, tscinvbit, avx, avx2, aes, erms, clmul, bmi1, bmi2, adx, avx512f, avx512dq, avx512cd, avx512bw, avx512vl, sha, fma, vzeroupper, avx512_vpopcntdq, avx512_vpclmulqdq, avx512_vaes, avx512_vnni, clflush, clflushopt, clwb, avx512_vbmi2, avx512_vbmi

Memory: 4k page, system-wide physical 16039M (1172M free)
TotalPageFile size 23073M (AvailPageFile size 9M)
current process WorkingSet (physical memory assigned to process): 706M, peak: 707M
current process commit charge ("private bytes"): 780M, peak: 780M

vm_info: OpenJDK 64-Bit Server VM (17.0.6+0-b2043.56-10027231) for windows-amd64 JRE (17.0.6+0-b2043.56-10027231), built on Apr 28 2023 00:43:19 by "androidbuild" with MS VC++ 16.10 / 16.11 (VS2019)

END.
